time,[depth_sim_node_depth]depth_m,[data_collector]rpm_NAN,[data_collector]roll_rad,[data_collector]pitch_rad,[data_collector]yaw_rad,[data_collector]v_eb_b_x_m/s,[data_collector]v_eb_b_y_m/s,[data_collector]v_eb_b_z_m/s,[data_collector]lat_rad,[data_collector]lon_rad,[data_collector]alt_m,[data_collector]lat0_rad,[data_collector]lon0_rad,[data_collector]alt0_m,[data_collector]r_b_n_m,[data_collector]r_b_e_m,[data_collector]r_b_d_m,[data_collector]w_ib_b_x_rad/s,[data_collector]w_ib_b_y_rad/s,[data_collector]w_ib_b_z_rad/s,[data_collector]f_ib_b_x_m/s^2,[data_collector]f_ib_b_y_m/s^2,[data_collector]f_ib_b_z_m/s^2,[data_collector]fault_gen/depth_sensor_zero_NAN
1679449595.8591943,-0.023494612,0.0,0.0,0.0,0.7853981633974483,0.0,0.0,0.0,0.6467836953250381,-1.4069862681874037,0.0,0.6467836953250381,-1.4069862681874037,0.0,0.0,0.0,0.0,4.114865357999054e-05,-4.1148653579990536e-05,-4.394394991839449e-05,0.0,0.0,-9.799105342633558,False
1679449595.9091942,-0.044039172,0.0,0.0,0.0,0.7853981633974483,0.0,0.0,0.0,0.6467836953250381,-1.4069862681874037,0.0,0.6467836953250381,-1.4069862681874037,0.0,0.0,0.0,0.0,4.114865357999054e-05,-4.1148653579990536e-05,-4.394394991839449e-05,0.0,0.0,-9.799105342633558,False
1679449595.9591942,0.071104496,0.0,0.0,0.0,0.7853981633974483,0.0,0.0,0.0,0.6467836953250381,-1.4069862681874037,0.0,0.6467836953250381,-1.4069862681874037,0.0,0.0,0.0,0.0,4.114865357999054e-05,-4.1148653579990536e-05,-4.394394991839449e-05,0.0,0.0,-9.799105342633558,False
1679449596.0091941,0.033896243,0.0,0.0,0.0,0.7853981633974483,0.0,0.0,0.0,0.6467836953250381,-1.4069862681874037,0.0,0.6467836953250381,-1.4069862681874037,0.0,0.0,0.0,0.0,4.114865357999054e-05,-4.1148653579990536e-05,-4.394394991839449e-05,0.0,0.0,-9.799105342633558,False
1679449596.059194,0.049038621,0.0,0.0,0.0,0.7853981633974483,0.0,0.0,0.0,0.6467836953250381,-1.4069862681874037,0.0,0.6467836953250381,-1.4069862681874037,0.0,0.0,0.0,0.0,4.114865357999054e-05,-4.1148653579990536e-05,-4.394394991839449e-05,0.0,0.0,-9.799105342633558,False
1679449596.109194,0.000519979,32.0,0.0,-7.348873019004403e-11,0.7853981633974483,5.473329232504846e-07,0.0,-4.964233358697741e-11,0.6467836953250387,-1.406986268187403,4.964229336417589e-13,0.6467836953250381,-1.4069862681874037,0.0,3.8702282159707384e-09,3.870228215970738e-09,-4.964233358697742e-13,4.1148653576577224e-05,-4.115600253890302e-05,-4.394394996718442e-05,5.4732572205325627e-05,-4.8099855729530436e-11,-9.799105347552741,False
1679449596.159194,-0.026278631,32.0,7.785880625978347e-23,-2.2046521956782204e-10,0.7853981633974483,1.0946658457081625e-06,1.8272934910970538e-20,-9.928393918987719e-11,0.6467836953250399,-1.4069862681874015,1.4892599121830707e-12,0.6467836953250381,-1.4069862681874037,0.0,1.1610684642306148e-08,1.1610684642306405e-08,-1.4892619233125164e-12,4.1148653569934554e-05,-4.1163351400715254e-05,-4.394395001899837e-05,5.473113189202912e-05,-9.619970969799529e-11,-9.799105347507613,False
1679449596.209194,-0.055503291,32.0,7.785880625978347e-23,-2.2046521956782204e-10,0.7853981633974483,1.0946658457081625e-06,1.8272934910970538e-20,-9.928393918987719e-11,0.6467836953250399,-1.4069862681874015,1.4892599121830707e-12,0.6467836953250381,-1.4069862681874037,0.0,1.1610684642306148e-08,1.1610684642306405e-08,-1.4892619233125164e-12,4.1148653569934554e-05,-4.1163351400715254e-05,-4.394395001899837e-05,5.473113189202912e-05,-9.619970969799529e-11,-9.799105347507613,False
1679449596.259194,-0.000920240,64.0,1.38334348687168e-18,-6.613937134212219e-10,0.7853981633974483,3.2839975361694326e-06,3.246430887408538e-16,-2.978510152892719e-10,0.6467836953250435,-1.4069862681873968,4.467748344922537e-12,0.6467836953250381,-1.4069862681874037,0.0,3.483205391226425e-08,3.4832053916855644e-08,-4.467764836132857e-12,4.1148653549960955e-05,-4.119274694473668e-05,-4.394395022135677e-05,0.00021892668800398179,-2.8856668636401337e-10,-9.799105362219859,False
1679449596.3091938,0.013390200,64.0,1.38334348687168e-18,-6.613937134212219e-10,0.7853981633974483,3.2839975361694326e-06,3.246430887408538e-16,-2.978510152892719e-10,0.6467836953250435,-1.4069862681873968,4.467748344922537e-12,0.6467836953250381,-1.4069862681874037,0.0,3.483205391226425e-08,3.4832053916855644e-08,-4.467764836132857e-12,4.1148653549960955e-05,-4.119274694473668e-05,-4.394395022135677e-05,0.00021892668800398179,-2.8856668636401337e-10,-9.799105362219859,False
1679449596.3591938,-0.062753296,64.0,1.521472016349685e-17,-1.396268300248576e-09,0.7853981633974482,5.473329217655242e-06,3.246266195120538e-15,-4.964117919468642e-10,0.6467836953250496,-1.4069862681873893,9.431789842030345e-12,0.6467836953250381,-1.4069862681874037,0.0,7.353433594401684e-08,7.353433599451736e-08,-9.43184655534614e-12,4.114865351817663e-05,-4.122214189760787e-05,-4.394395044501753e-05,0.00021891948600931036,-4.807065467111337e-10,-9.799105362038793,False
1679449596.4091938,-0.005561539,64.0,6.361942077802391e-17,-2.4250790925369645e-09,0.7853981633974477,7.662660882451272e-06,1.1361884011864993e-14,-6.949612771516255e-10,0.6467836953250582,-1.4069862681873786,1.6381216787959608e-11,0.6467836953250381,-1.4069862681874037,0.0,1.2771753058282494e-07,1.2771753079400675e-07,-1.638135233555754e-11,4.1148653475688044e-05,-4.125153586172766e-05,-4.3943950699187e-05,0.00021890940293137705,-6.725870471028105e-10,-9.799105361857102,False
1679449596.4591937,0.024745753,96.0,1.798434022655432e-16,-4.1152558781309126e-09,0.7853981633974467,1.2588657139095903e-05,2.728485232735707e-14,-1.1417061554450353e-09,0.6467836953250722,-1.406986268187361,2.7797760286957068e-11,0.6467836953250381,-1.4069862681874037,0.0,2.1673277868078307e-07,2.1673277927783091e-07,-2.779810860511558e-11,4.114865340654131e-05,-4.13176732340992e-05,-4.3943951237078976e-05,0.0004925592999327562,-1.1047061626350865e-09,-9.799105386269908,False
1679449596.5091937,-0.017937597,96.0,1.798434022655432e-16,-4.1152558781309126e-09,0.7853981633974467,1.2588657139095903e-05,2.728485232735707e-14,-1.1417061554450353e-09,0.6467836953250722,-1.406986268187361,2.7797760286957068e-11,0.6467836953250381,-1.4069862681874037,0.0,2.1673277868078307e-07,2.1673277927783091e-07,-2.779810860511558e-11,4.114865340654131e-05,-4.13176732340992e-05,-4.3943951237078976e-05,0.0004925592999327562,-1.1047061626350865e-09,-9.799105386269908,False
1679449596.5591936,-0.072738168,96.0,4.791068189054582e-16,-6.466775305432303e-09,0.7853981633974443,1.7514653327207515e-05,7.026061781915876e-14,-1.5884112750190666e-09,0.6467836953250916,-1.4069862681873369,4.368074040387154e-11,0.6467836953250381,-1.4069862681874037,0.0,3.405800795620115e-07,3.405800811526941e-07,-4.3681500582505665e-11,4.114865331985447e-05,-4.138380827131071e-05,-4.3943951898090823e-05,0.0004925362503298179,-1.5349025330417665e-09,-9.799105385858546,False
1679449596.6091936,-0.013595998,96.0,1.1326298499809376e-15,-9.479604781441974e-09,0.7853981633974388,2.2440649414826326e-05,1.5344998066669823e-13,-2.0350587249346844e-09,0.6467836953251166,-1.4069862681873058,6.402920036834346e-11,0.6467836953250381,-1.4069862681874037,0.0,4.992594322315863e-07,4.99259435992378e-07,-6.403063664547777e-11,4.114865322122902e-05,-4.1449940049221986e-05,-4.394395272887823e-05,0.0004925067172841281,-1.9637863027871937e-09,-9.799105385444737,False
1679449596.6591935,-0.006504846,96.0,1.1326298499809376e-15,-9.479604781441974e-09,0.7853981633974388,2.2440649414826326e-05,1.5344998066669823e-13,-2.0350587249346844e-09,0.6467836953251166,-1.4069862681873058,6.402920036834346e-11,0.6467836953250381,-1.4069862681874037,0.0,4.992594322315863e-07,4.99259435992378e-07,-6.403063664547777e-11,4.114865322122902e-05,-4.1449940049221986e-05,-4.394395272887823e-05,0.0004925067172841281,-1.9637863027871937e-09,-9.799105385444737,False
1679449596.7091935,-0.007969491,128.0,2.3675589962725383e-15,-1.3668123583515597e-08,0.7853981633974285,3.119797583274624e-05,2.900132605479358e-13,-2.8291269292321203e-09,0.6467836953251512,-1.4069862681872625,9.231620548277229e-11,0.6467836953250381,-1.4069862681874037,0.0,7.198624328873635e-07,7.198624407495579e-07,-9.231894849299022e-11,4.114865309236628e-05,-4.156751035612281e-05,-4.3943954117624374e-05,0.0008755987066432007,-2.7280587663949896e-09,-9.799105419459803,False
1679449596.7591934,-0.010652519,128.0,2.3675589962725383e-15,-1.3668123583515597e-08,0.7853981633974285,3.119797583274624e-05,2.900132605479358e-13,-2.8291269292321203e-09,0.6467836953251512,-1.4069862681872625,9.231620548277229e-11,0.6467836953250381,-1.4069862681874037,0.0,7.198624328873635e-07,7.198624407495579e-07,-9.231894849299022e-11,4.114865309236628e-05,-4.156751035612281e-05,-4.3943954117624374e-05,0.0008755987066432007,-2.7280587663949896e-09,-9.799105419459803,False
1679449596.8091934,0.003647050,128.0,4.726142133094612e-15,-1.9032271400234785e-08,0.7853981633974089,3.995530196031192e-05,5.539597563368417e-13,-3.6230414553017186e-09,0.6467836953251956,-1.406986268187207,1.2853901563428159e-10,0.6467836953250381,-1.4069862681874037,0.0,1.0023890785755594e-06,1.0023890942719166e-06,-1.285439019059573e-10,4.114865296606663e-05,-4.168507463188111e-05,-4.39439560063393e-05,0.0008755461138243666,-3.484941347486157e-09,-9.799105418715365,False
1679449596.8591933,0.018078897,160.0,8.929147141586827e-15,-2.6233369334617443e-08,0.7853981633973739,5.363862401362078e-05,9.872973770543743e-13,-4.863535048381013e-09,0.6467836953252553,-1.4069862681871326,1.771602948997482e-10,0.6467836953250381,-1.4069862681874037,0.0,1.3816714193304507e-06,1.3816714489892712e-06,-1.771690437412698e-10,4.114865282946582e-05,-4.186877179098159e-05,-4.394395898305369e-05,0.0013680751421851303,-4.670540039075552e-09,-9.799105462229981,False
1679449596.9091933,0.022142350,160.0,1.645602150904274e-14,-3.527130850915872e-08,0.7853981633973112,6.732194531150652e-05,1.7682646123714809e-12,-6.103647348738302e-09,0.6467836953253301,-1.406986268187039,2.3817302305610596e-10,0.6467836953250381,-1.4069862681874037,0.0,1.8577094473524609e-06,1.8577095020182484e-06,-2.38187856414096e-10,4.1148652760092317e-05,-4.2052458062329986e-05,-4.3943963267751536e-05,0.0013679865030289066,-5.83834760076254e-09,-9.79910546104353,False
1679449596.9591932,0.021885867,160.0,1.645602150904274e-14,-3.527130850915872e-08,0.7853981633973112,6.732194531150652e-05,1.7682646123714809e-12,-6.103647348738302e-09,0.6467836953253301,-1.406986268187039,2.3817302305610596e-10,0.6467836953250381,-1.4069862681874037,0.0,1.8577094473524609e-06,1.8577095020182484e-06,-2.38187856414096e-10,4.1148652760092317e-05,-4.2052458062329986e-05,-4.3943963267751536e-05,0.0013679865030289066,-5.83834760076254e-09,-9.79910546104353,False
1679449597.0091932,-0.018550646,160.0,2.921791901788493e-14,-4.6145951749746094e-08,0.7853981633972049,8.100526563539117e-05,2.998507286711376e-12,-7.343269255117365e-09,0.6467836953254201,-1.4069862681869267,3.115683349564847e-10,0.6467836953250381,-1.4069862681874037,0.0,2.430503152577749e-06,2.4305032496486766e-06,-3.115919773481187e-10,4.114865280112341e-05,-4.223613061626495e-05,-4.394396922077705e-05,0.0013678798439587137,-6.996042102055497e-09,-9.799105459841142,False
1679449597.0591931,-0.028573231,160.0,2.921791901788493e-14,-4.6145951749746094e-08,0.7853981633972049,8.100526563539117e-05,2.998507286711376e-12,-7.343269255117365e-09,0.6467836953254201,-1.4069862681869267,3.115683349564847e-10,0.6467836953250381,-1.4069862681874037,0.0,2.430503152577749e-06,2.4305032496486766e-06,-3.115919773481187e-10,4.114865280112341e-05,-4.223613061626495e-05,-4.394396922077705e-05,0.0013678798439587137,-6.996042102055497e-09,-9.799105459841142,False
1679449597.109193,0.025943083,189.44,4.955690366513774e-14,-5.959543076652961e-08,0.7853981633970355,0.0001001873102468417,4.779672664354112e-12,-9.08101840633978e-09,0.6467836953255316,-1.4069862681867877,4.023188119607673e-10,0.6467836953250381,-1.4069862681874037,0.0,3.1389343834273167e-06,3.138934548092678e-06,-4.023559290236705e-10,4.1148652961366535e-05,-4.249361720413222e-05,-4.394397769264167e-05,0.0019176204800010106,-8.626877050003562e-09,-9.799105508028575,False
1679449597.159193,-0.034026036,189.44,4.955690366513774e-14,-5.959543076652961e-08,0.7853981633970355,0.0001001873102468417,4.779672664354112e-12,-9.08101840633978e-09,0.6467836953255316,-1.4069862681867877,4.023188119607673e-10,0.6467836953250381,-1.4069862681874037,0.0,3.1389343834273167e-06,3.138934548092678e-06,-4.023559290236705e-10,4.1148652961366535e-05,-4.249361720413222e-05,-4.394397769264167e-05,0.0019176204800010106,-8.626877050003562e-09,-9.799105508028575,False
1679449597.209193,-0.026531326,218.88000000000002,8.148431254496116e-14,-7.648222921977926e-08,0.7853981633967695,0.00012579460351304638,7.504275033201068e-12,-1.1400548235977361e-08,0.6467836953256715,-1.4069862681866132,5.162280838035356e-10,0.6467836953250381,-1.4069862681874037,0.0,4.028436502176731e-06,4.028436772967834e-06,-5.162864435475992e-10,4.114865336953764e-05,-4.2837353166342745e-05,-4.394399018782881e-05,0.002559979870157654,-1.0783228979123437e-08,-9.799105564021549,False
1679449597.259193,-0.004647627,218.88000000000002,1.3169284225008652e-13,-9.680606130095127e-08,0.785398163396351,0.00015140189350017224,1.1802756188581769e-11,-1.37184960013793e-08,0.6467836953258399,-1.4069862681864032,6.532664776074954e-10,0.6467836953250381,-1.4069862681874037,0.0,5.099009474511337e-06,5.099009912217165e-06,-6.533556080181619e-10,4.1148654295946267e-05,-4.318106054769203e-05,-4.39440084040768e-05,0.0025597803870780087,-1.2876717273397482e-08,-9.799105561660637,False
1679449597.309193,0.017952124,218.88000000000002,1.3169284225008652e-13,-9.680606130095127e-08,0.785398163396351,0.00015140189350017224,1.1802756188581769e-11,-1.37184960013793e-08,0.6467836953258399,-1.4069862681864032,6.532664776074954e-10,0.6467836953250381,-1.4069862681874037,0.0,5.099009474511337e-06,5.099009912217165e-06,-6.533556080181619e-10,4.1148654295946267e-05,-4.318106054769203e-05,-4.39440084040768e-05,0.0025597803870780087,-1.2876717273397482e-08,-9.799105561660637,False
1679449597.3591928,-0.028863788,218.88000000000002,2.083770259209225e-13,-1.2056658152246322e-07,0.7853981633957119,0.000177009179468397,1.8029393957223806e-11,-1.6034505350144844e-08,0.6467836953260367,-1.4069862681861576,8.133981171922766e-10,0.6467836953250381,-1.4069862681874037,0.0,6.350653258380314e-06,6.35065395105753e-06,-8.13529305904825e-10,4.1148655890793513e-05,-4.352473338027362e-05,-4.394403359733296e-05,0.0025595471535486223,-1.4935039263848914e-08,-9.799105559246492,False
1679449597.4091928,-0.008440253,218.88000000000002,3.2123815359543564e-13,-1.477633847570826e-07,0.785398163394771,0.0002026164606779246,2.6540431529660454e-11,-1.834822095086663e-08,0.646783695326262,-1.4069862681858765,9.96580933760568e-10,0.6467836953250381,-1.4069862681874037,0.0,7.783367803983022e-06,7.783368871993646e-06,-9.967672276732488e-10,4.1148658304775424e-05,-4.386836570011952e-05,-4.394406703050685e-05,0.0025592801735419887,-1.6958094246995243e-08,-9.799105556779208,False
1679449597.4591928,0.062910923,218.88000000000002,3.2123815359543564e-13,-1.477633847570826e-07,0.785398163394771,0.0002026164606779246,2.6540431529660454e-11,-1.834822095086663e-08,0.646783695326262,-1.4069862681858765,9.96580933760568e-10,0.6467836953250381,-1.4069862681874037,0.0,7.783367803983022e-06,7.783368871993646e-06,-9.967672276732488e-10,4.1148658304775424e-05,-4.386836570011952e-05,-4.394406703050685e-05,0.0025592801735419887,-1.6958094246995243e-08,-9.799105556779208,False
1679449597.5091927,-0.015163767,248.32,4.814799857524161e-13,-1.7938310686667689e-07,0.7853981633934347,0.00023557551221406304,3.7692065850098095e-11,-2.132608326473232e-08,0.646783695326524,-1.4069862681855496,1.209419183735061e-09,0.6467836953250381,-1.4069862681874037,0.0,9.449137959167176e-06,9.449139560215188e-06,-1.2096799659700633e-09,4.114866164231444e-05,-4.431066275985741e-05,-4.394411062168443e-05,0.0032941473614787986,-1.959207618565902e-08,-9.799105620287563,False
1679449597.5591927,0.040495506,248.32,7.057508246712138e-13,-2.154251730623935e-07,0.7853981633915641,0.00026853455565668523,5.276678939250815e-11,-2.430008806498378e-08,0.6467836953268227,-1.406986268185177,1.4518415733536371e-09,0.6467836953250381,-1.4069862681874037,0.0,1.1347963638965627e-05,1.1347965986233491e-05,-1.4521991409909495e-09,4.114866645036414e-05,-4.4752902340688464e-05,-4.3944168302709685e-05,0.0032937933723899845,-2.2098442701583704e-08,-9.79910561696634,False
1679449597.6091926,0.031700568,248.32,7.057508246712138e-13,-2.154251730623935e-07,0.7853981633915641,0.00026853455565668523,5.276678939250815e-11,-2.430008806498378e-08,0.6467836953268227,-1.406986268185177,1.4518415733536371e-09,0.6467836953250381,-1.4069862681874037,0.0,1.1347963638965627e-05,1.1347965986233491e-05,-1.4521991409909495e-09,4.114866645036414e-05,-4.4752902340688464e-05,-4.3944168302709685e-05,0.0032937933723899845,-2.2098442701583704e-08,-9.79910561696634,False
1679449597.6591926,0.056758642,277.76,1.0132321986369164e-12,-2.5700042902697483e-07,0.7853981633889986,0.00030977189078884056,7.2365479807861e-11,-2.8020493947383734e-08,0.6467836953271672,-1.4069862681847471,1.731250397739132e-09,0.6467836953250381,-1.4069862681874037,0.0,1.353838117329761e-05,1.3538384543942128e-05,-1.7317367538329493e-09,4.1148672930654125e-05,-4.5306227788887866e-05,-4.3944242941654666e-05,0.004121215141367274,-2.5273048679659614e-08,-9.79910568789261,False
1679449597.7091925,0.001484180,277.76,1.431411222578855e-12,-3.041080657743949e-07,0.7853981633855086,0.00035100921264798494,9.844567224999236e-11,-3.173462653143507e-08,0.6467836953275575,-1.4069862681842602,2.047529215726193e-09,0.6467836953250381,-1.4069862681874037,0.0,1.6020390422483557e-05,1.6020395185318178e-05,-2.048180923964859e-09,4.1148681916565275e-05,-4.5859472338447986e-05,-4.3944340785957076e-05,0.004120752201712204,-2.8252999753057148e-08,-9.799105683505804,False
1679449597.7591925,-0.039566420,277.76,1.9916666898976366e-12,-3.5674716417409057e-07,0.7853981633808315,0.0003922465193446115,1.3193172005153256e-10,-3.544159458190388e-08,0.6467836953279937,-1.406986268183716,2.400545833210873e-09,0.6467836953250381,-1.4069862681874037,0.0,1.879399122694857e-05,1.8793997855513236e-05,-2.401404016480833e-09,4.1148693797311295e-05,-4.641262497490538e-05,-4.394446511244643e-05,0.004120234869735145,-3.1141925679203276e-08,-9.799105678984239,False
1679449597.8091924,-0.017619953,277.76,1.9916666898976366e-12,-3.5674716417409057e-07,0.7853981633808315,0.0003922465193446115,1.3193172005153256e-10,-3.544159458190388e-08,0.6467836953279937,-1.406986268183716,2.400545833210873e-09,0.6467836953250381,-1.4069862681874037,0.0,1.879399122694857e-05,1.8793997855513236e-05,-2.401404016480833e-09,4.1148693797311295e-05,-4.641262497490538e-05,-4.394446511244643e-05,0.004120234869735145,-3.1141925679203276e-08,-9.799105678984239,False
1679449597.8591924,-0.047770272,277.76,2.7292557682004893e-12,-4.149166949641802e-07,0.7853981633746718,0.00043348380898922454,1.7374797567915653e-10,-3.9140506828777476e-08,0.6467836953284758,-1.4069862681831145,2.790152304805146e-09,0.6467836953250381,-1.4069862681874037,0.0,2.1859183407222872e-05,2.1859192492853107e-05,-2.7912626435728564e-09,4.1148708960780185e-05,-4.696567468511729e-05,-4.394461919791376e-05,0.004119663155523059,-3.394017666351995e-08,-9.799105674327931,False
1679449597.9091923,0.022000930,307.2,3.6832981331216886e-12,-4.798514228313344e-07,0.7853981633667018,0.00048392590586239607,2.2481857562268447e-10,-4.3665336759692424e-08,0.6467836953290139,-1.406986268182443,3.2244835470572817e-09,0.6467836953250381,-1.4069862681874037,0.0,2.5281054713992662e-05,2.528106697888181e-05,-3.225908121795057e-09,4.1148727735873603e-05,-4.764220230844902e-05,-4.3944807138874195e-05,0.005039507576572873,-3.7457095434936016e-08,-9.79910575214737,False
1679449597.9591923,0.038094981,307.2,3.6832981331216886e-12,-4.798514228313344e-07,0.7853981633667018,0.00048392590586239607,2.2481857562268447e-10,-4.3665336759692424e-08,0.6467836953290139,-1.406986268182443,3.2244835470572817e-09,0.6467836953250381,-1.4069862681874037,0.0,2.5281054713992662e-05,2.528106697888181e-05,-3.225908121795057e-09,4.1148727735873603e-05,-4.764220230844902e-05,-4.3944807138874195e-05,0.005039507576572873,-3.7457095434936016e-08,-9.79910575214737,False
1679449598.0091922,-0.010433343,334.75584000000003,4.9069795611132365e-12,-5.528195053937683e-07,0.7853981633564753,0.0005438231706893543,2.884663352620959e-10,-4.903570575951305e-08,0.6467836953296187,-1.4069862681816885,3.7118342440899017e-09,0.6467836953250381,-1.4069862681874037,0.0,2.9126463192119932e-05,2.912647953630265e-05,-3.7136556361678813e-09,4.114875147339219e-05,-4.844554717732804e-05,-4.394504078801653e-05,0.00598430935054569,-4.147535451885267e-08,-9.799105830945722,False
1679449598.0591922,-0.052129226,334.75584000000003,4.9069795611132365e-12,-5.528195053937683e-07,0.7853981633564753,0.0005438231706893543,2.884663352620959e-10,-4.903570575951305e-08,0.6467836953296187,-1.4069862681816885,3.7118342440899017e-09,0.6467836953250381,-1.4069862681874037,0.0,2.9126463192119932e-05,2.912647953630265e-05,-3.7136556361678813e-09,4.114875147339219e-05,-4.844554717732804e-05,-4.394504078801653e-05,0.00598430935054569,-4.147535451885267e-08,-9.799105830945722,False
1679449598.1091921,-0.024972767,334.75584000000003,6.470810984386397e-12,-6.33819305685854e-07,0.7853981633434014,0.0006037204015482061,3.6878433909358e-10,-5.439015411457985e-08,0.64678369533029,-1.4069862681808507,4.2519092887781905e-09,0.6467836953250381,-1.4069862681874037,0.0,3.3395408483561756e-05,3.3395430042792786e-05,-4.254219693175778e-09,4.114878190910277e-05,-4.924872834953463e-05,-4.3945333864781375e-05,0.005983512228689733,-4.508770106927109e-08,-9.799105823501865,False
1679449598.159192,-0.013681490,362.31168,8.453661219082731e-12,-7.242275110955252e-07,0.7853981633268184,0.0006738845130564739,4.677681518078242e-10,-6.065805261732062e-08,0.6467836953310394,-1.4069862681799157,4.8536093579146316e-09,0.6467836953250381,-1.4069862681874037,0.0,3.8160488265658144e-05,3.816051643961475e-05,-4.856529009207053e-09,4.1148819814848704e-05,-5.01895798715979e-05,-4.3945694358310704e-05,0.0070093143747350555,-4.940695528551827e-08,-9.79910590786963,False
1679449598.209192,0.018430388,362.31168,8.453661219082731e-12,-7.242275110955252e-07,0.7853981633268184,0.0006738845130564739,4.677681518078242e-10,-6.065805261732062e-08,0.6467836953310394,-1.4069862681799157,4.8536093579146316e-09,0.6467836953250381,-1.4069862681874037,0.0,3.8160488265658144e-05,3.816051643961475e-05,-4.856529009207053e-09,4.1148819814848704e-05,-5.01895798715979e-05,-4.3945694358310704e-05,0.0070093143747350555,-4.940695528551827e-08,-9.79910590786963,False
1679449598.259192,0.021934470,362.31168,1.0958417248641727e-11,-8.240419478100371e-07,0.7853981633058634,0.0007440485752375671,5.910967676474355e-10,-6.69029445051493e-08,0.6467836953318669,-1.4069862681788832,5.516507530593793e-09,0.6467836953250381,-1.4069862681874037,0.0,4.3421702017512376e-05,4.342173855009644e-05,-5.520169849780537e-09,4.1148867595986786e-05,-5.113021401221953e-05,-4.3946141541993494e-05,0.007008331350481686,-5.3163537741989546e-08,-9.799105898459693,False
1679449598.309192,-0.067236858,362.31168,1.0958417248641727e-11,-8.240419478100371e-07,0.7853981633058634,0.0007440485752375671,5.910967676474355e-10,-6.69029445051493e-08,0.6467836953318669,-1.4069862681788832,5.516507530593793e-09,0.6467836953250381,-1.4069862681874037,0.0,4.3421702017512376e-05,4.342173855009644e-05,-5.520169849780537e-09,4.1148867595986786e-05,-5.113021401221953e-05,-4.3946141541993494e-05,0.007008331350481686,-5.3163537741989546e-08,-9.799105898459693,False
1679449598.359192,0.011449663,362.31168,1.409913640142183e-11,-9.332602101660097e-07,0.7853981632795785,0.0008142125826780863,7.41444182829153e-10,-7.312230689273537e-08,0.6467836953327722,-1.4069862681777534,6.240131877460425e-09,0.6467836953250381,-1.4069862681874037,0.0,4.917904916105255e-05,4.917909617818625e-05,-6.244683465481947e-09,4.114892636965324e-05,-5.20706075863008e-05,-4.394668489437146e-05,0.007007255635822015,-5.66590916809536e-08,-9.799105888665492,False
1679449598.4091918,0.012852656,389.8675200000001,1.8000997545134548e-11,-1.0533671565292755e-06,0.785398163246911,0.0008954551735343352,9.214844025549518e-10,-8.031843426838349e-08,0.646783695333768,-1.4069862681765108,7.033883789444197e-09,0.6467836953250381,-1.4069862681874037,0.0,5.551086690099451e-05,5.551092694839295e-05,-7.039510881330835e-09,4.1148997179018144e-05,-5.315948873530636e-05,-4.394733488132638e-05,0.008113937037549306,-6.086850621348925e-08,-9.799105977792436,False
1679449598.4591918,0.024095790,389.8675200000001,1.8000997545134548e-11,-1.0533671565292755e-06,0.785398163246911,0.0008954551735343352,9.214844025549518e-10,-8.031843426838349e-08,0.646783695333768,-1.4069862681765108,7.033883789444197e-09,0.6467836953250381,-1.4069862681874037,0.0,5.551086690099451e-05,5.551092694839295e-05,-7.039510881330835e-09,4.1148997179018144e-05,-5.315948873530636e-05,-4.394733488132638e-05,0.008113937037549306,-6.086850621348925e-08,-9.799105977792436,False
1679449598.5091918,-0.059008763,389.8675200000001,2.2823058511310263e-11,-1.1843596817395451e-06,0.7853981632065239,0.0009766976881309252,1.1392453859674824e-09,-8.747908873999522e-08,0.6467836953348541,-1.4069862681751557,7.897107063212574e-09,0.6467836953250381,-1.4069862681874037,0.0,6.241715443146654e-05,6.241723058814845e-05,-7.904013556064747e-09,4.114908341580523e-05,-5.424805936799094e-05,-4.394811903463521e-05,0.008112645802819446,-6.428437607529143e-08,-9.799105965518702,False
1679449598.5591917,-0.025393327,417.4233600000001,2.8739261580154554e-11,-1.3278308762351465e-06,0.7853981631569528,0.0010698304877920371,1.3983131557200156e-09,-9.56793430180241e-08,0.6467836953360439,-1.4069862681736713,8.839694953851295e-09,0.6467836953250381,-1.4069862681874037,0.0,6.998198847251828e-05,6.99820844014459e-05,-8.848136345283635e-09,4.114918649442732e-05,-5.5495940910129497e-05,-4.394905112475373e-05,0.009300268420847612,-6.839763855391876e-08,-9.799106059257364,False
1679449598.6091917,-0.026277436,417.4233600000001,2.8739261580154554e-11,-1.3278308762351465e-06,0.7853981631569528,0.0010698304877920371,1.3983131557200156e-09,-9.56793430180241e-08,0.6467836953360439,-1.4069862681736713,8.839694953851295e-09,0.6467836953250381,-1.4069862681874037,0.0,6.998198847251828e-05,6.99820844014459e-05,-8.848136345283635e-09,4.114918649442732e-05,-5.5495940910129497e-05,-4.394905112475373e-05,0.009300268420847612,-6.839763855391876e-08,-9.799106059257364,False
1679449598.6591916,-0.013677915,417.4233600000001,3.596760914630993e-11,-1.4837767600649753e-06,0.7853981630963629,0.001162963182990961,1.7091392018882278e-09,-1.0383110693366648e-07,0.6467836953373372,-1.4069862681720577,9.860750245748876e-09,0.6467836953250381,-1.4069862681874037,0.0,7.82053679196564e-05,7.820548801550708e-05,-9.871005230395898e-09,4.114931082499746e-05,-5.674342445674221e-05,-4.3950167205868906e-05,0.009298729845430091,-7.14789939612079e-08,-9.79910604395466,False
1679449598.7091916,0.000873193,444.97920000000016,4.4743498420739016e-11,-1.6538984615935007e-06,0.7853981630227701,0.0012687978577841964,2.0759387593413885e-09,-1.130817737106003e-07,0.6467836953387481,-1.4069862681702971,1.097058335460179e-08,0.6467836953250381,-1.4069862681874037,0.0,8.717710893637217e-05,8.717725838502785e-05,-1.0982996839753912e-08,4.114945806791181e-05,-5.816102283266538e-05,-4.395148334980654e-05,0.010567260765485005,-7.527080794129858e-08,-9.79910614168334,False
1679449598.7591915,-0.062292840,444.97920000000016,4.4743498420739016e-11,-1.6538984615935007e-06,0.7853981630227701,0.0012687978577841964,2.0759387593413885e-09,-1.130817737106003e-07,0.6467836953387481,-1.4069862681702971,1.097058335460179e-08,0.6467836953250381,-1.4069862681874037,0.0,8.717710893637217e-05,8.717725838502785e-05,-1.0982996839753912e-08,4.114945806791181e-05,-5.816102283266538e-05,-4.395148334980654e-05,0.010567260765485005,-7.527080794129858e-08,-9.79910614168334,False
1679449598.8091915,-0.018776640,472.53504000000015,5.536055184714166e-11,-1.8400053753913933e-06,0.7853981629337001,0.001388146210286439,2.5125344369708767e-09,-1.2349280736230608e-07,0.6467836953402918,-1.4069862681683711,1.217996946333382e-08,0.6467836953250381,-1.4069862681874037,0.0,9.699276716089875e-05,9.699295213480184e-05,-1.2194966384557574e-08,4.114963396577317e-05,-5.975956278581031e-05,-4.395304869630434e-05,0.011916804856402126,-7.888674356330696e-08,-9.799106243645419,False
1679449598.8591914,-0.012350326,472.53504000000015,5.536055184714166e-11,-1.8400053753913933e-06,0.7853981629337001,0.001388146210286439,2.5125344369708767e-09,-1.2349280736230608e-07,0.6467836953402918,-1.4069862681683711,1.217996946333382e-08,0.6467836953250381,-1.4069862681874037,0.0,9.699276716089875e-05,9.699295213480184e-05,-1.2194966384557574e-08,4.114963396577317e-05,-5.975956278581031e-05,-4.395304869630434e-05,0.011916804856402126,-7.888674356330696e-08,-9.799106243645419,False
1679449598.9091914,0.039546981,472.53504000000015,6.818063386472947e-11,-2.0420915705862163e-06,0.7853981628261045,0.0015074943894435894,3.0351304889757096e-09,-1.338235725015921e-07,0.6467836953419682,-1.4069862681662795,1.3487420772491016e-08,0.6467836953250381,-1.4069862681874037,0.0,0.00010765234075971404,0.0001076525686469575,-1.350546413177008e-08,4.114984534739429e-05,-6.135750965101478e-05,-4.395491955371039e-05,0.011914807259280173,-8.090466985321703e-08,-9.799106221162647,False
1679449598.9591913,-0.019010871,497.8562662400001,8.359559235901198e-11,-2.2619139915598984e-06,0.7853981626966774,0.001639975963397917,3.650988724868623e-09,-1.452578162902889e-07,0.646783695343792,-1.406986268164004,1.490290408961285e-08,0.6467836953250381,-1.4069862681874037,0.0,0.00011924869619904005,0.00011924897570581032,-1.4924552483759286e-08,4.115009512932104e-05,-6.313115301465993e-05,-4.39571228278767e-05,0.013225992677421953,-8.337718307568015e-08,-9.799106315016994,False
1679449599.0091913,0.031059536,497.8562662400001,8.359559235901198e-11,-2.2619139915598984e-06,0.7853981626966774,0.001639975963397917,3.650988724868623e-09,-1.452578162902889e-07,0.646783695343792,-1.406986268164004,1.490290408961285e-08,0.6467836953250381,-1.4069862681874037,0.0,0.00011924869619904005,0.00011924897570581032,-1.4924552483759286e-08,4.115009512932104e-05,-6.313115301465993e-05,-4.39571228278767e-05,0.013225992677421953,-8.337718307568015e-08,-9.799106315016994,False
1679449599.0591912,0.006595369,497.8562662400001,1.0208025873401923e-10,-2.4994651659183e-06,0.7853981625414131,0.0017724573096201857,4.3798514302848184e-09,-1.565866805521866e-07,0.6467836953457631,-1.4069862681615446,1.642446894209067e-08,0.6467836953250381,-1.4069862681874037,0.0,0.00013178183107002977,0.0001317821724996874,-1.6450327829392795e-08,4.115039161432513e-05,-6.490404913792259e-05,-4.395972739710445e-05,0.013223642116757353,-8.390683552424846e-08,-9.799106287516015,False
1679449599.1091912,-0.001005894,523.1774924800001,1.241486657232847e-10,-2.7565924370662685e-06,0.7853981623559688,0.0019187574036744186,5.231233682683462e-09,-1.6905466089866152e-07,0.6467836953478968,-1.4069862681588823,1.8062123229589097e-08,0.6467836953250381,-1.4069862681874037,0.0,0.0001453494578100822,0.0001453498731973275,-1.8092915765445517e-08,4.1150738636405665e-05,-6.686168176917045e-05,-4.396276821134175e-05,0.014602997284465413,-8.473629150950097e-08,-9.799106382149281,False
1679449599.1591911,-0.010854351,523.1774924800001,1.241486657232847e-10,-2.7565924370662685e-06,0.7853981623559688,0.0019187574036744186,5.231233682683462e-09,-1.6905466089866152e-07,0.6467836953478968,-1.4069862681588823,1.8062123229589097e-08,0.6467836953250381,-1.4069862681874037,0.0,0.0001453494578100822,0.0001453498731973275,-1.8092915765445517e-08,4.1150738636405665e-05,-6.686168176917045e-05,-4.396276821134175e-05,0.014602997284465413,-8.473629150950097e-08,-9.799106382149281,False
1679449599.209191,-0.002109819,523.1774924800001,1.5041481619347508e-10,-3.033286490766854e-06,0.785398162135157,0.0020650572030339355,6.228967935265322e-09,-1.813864038972219e-07,0.6467836953501932,-1.406986268156017,1.981334816737746e-08,0.6467836953250381,-1.4069862681874037,0.0,0.0001599515733013496,0.00015995207674908884,-1.984985459372326e-08,4.11511461971037e-05,-6.881838297540133e-05,-4.396632858477206e-05,0.014600256462588527,-8.322558901347776e-08,-9.799106348675126,False
1679449599.259191,0.028040093,523.1774924800001,1.5041481619347508e-10,-3.033286490766854e-06,0.785398162135157,0.0020650572030339355,6.228967935265322e-09,-1.813864038972219e-07,0.6467836953501932,-1.406986268156017,1.981334816737746e-08,0.6467836953250381,-1.4069862681874037,0.0,0.0001599515733013496,0.00015995207674908884,-1.984985459372326e-08,4.11511461971037e-05,-6.881838297540133e-05,-4.396632858477206e-05,0.014600256462588527,-8.322558901347776e-08,-9.799106348675126,False
1679449599.309191,0.007372493,548.49871872,1.8154084346447996e-10,-3.331484750115622e-06,0.7853981618733744,0.002225861090089616,7.384782604956994e-09,-1.948867062767672e-07,0.6467836953526684,-1.4069862681529286,2.1688061007345958e-08,0.6467836953250381,-1.4069862681874037,0.0,0.00017569073581484248,0.00017569134365944434,-2.1731204912722036e-08,4.1151619018944976e-05,-7.096882876585201e-05,-4.3970451367502505e-05,0.01604774315805389,-8.186698199100644e-08,-9.799106443052057,False
1679449599.359191,-0.063853842,548.49871872,1.8154084346447996e-10,-3.331484750115622e-06,0.7853981618733744,0.002225861090089616,7.384782604956994e-09,-1.948867062767672e-07,0.6467836953526684,-1.4069862681529286,2.1688061007345958e-08,0.6467836953250381,-1.4069862681874037,0.0,0.00017569073581484248,0.00017569134365944434,-2.1731204912722036e-08,4.1151619018944976e-05,-7.096882876585201e-05,-4.3970451367502505e-05,0.01604774315805389,-8.186698199100644e-08,-9.799106443052057,False
1679449599.409191,-0.059338643,548.49871872,2.1831003407887764e-10,-3.6511757143100633e-06,0.7853981615639924,0.0023866646008711806,8.72761619569505e-09,-2.0821320608183793e-07,0.6467836953553225,-1.406986268149617,2.3683051749842555e-08,0.6467836953250381,-1.4069862681874037,0.0,0.00019256694136874725,0.0001925676725890402,-2.3733825606298732e-08,4.115216922180285e-05,-7.311812447427691e-05,-4.397523790793585e-05,0.016044572847266875,-7.767271986426461e-08,-9.799106402502337,False
1679449599.4591908,-0.060416668,573.8199449599999,2.61562917605725e-10,-3.994386522688174e-06,0.7853981611998856,0.0025626575239409543,1.0271487636040855e-08,-2.2273057047194387e-07,0.6467836953581724,-1.4069862681460612,2.580799500775868e-08,0.6467836953250381,-1.4069862681874037,0.0,0.00021068759390758835,0.0002106884703222061,-2.586756418182604e-08,4.115280243500176e-05,-7.547013649821847e-05,-4.3980739226676144e-05,0.01756015091954027,-7.347889503175895e-08,-9.799106495438396,False
1679449599.5091908,-0.019822837,573.8199449599999,3.122864771393222e-10,-4.361103094575626e-06,0.7853981607726864,0.0027386499722907927,1.2051445665941457e-08,-2.3702880330846907e-07,0.6467836953612178,-1.4069862681422611,2.8058847692092404e-08,0.6467836953250381,-1.4069862681874037,0.0,0.00023005268840712675,0.00023005373516981205,-2.81284599494638e-08,4.115353330835036e-05,-7.782074045237953e-05,-4.398707826210909e-05,0.01755650995560915,-6.585761661681343e-08,-9.799106446548706,False
1679449599.5591908,-0.030395724,573.8199449599999,3.122864771393222e-10,-4.361103094575626e-06,0.7853981607726864,0.0027386499722907927,1.2051445665941457e-08,-2.3702880330846907e-07,0.6467836953612178,-1.4069862681422611,2.8058847692092404e-08,0.6467836953250381,-1.4069862681874037,0.0,0.00023005268840712675,0.00023005373516981205,-2.81284599494638e-08,4.115353330835036e-05,-7.782074045237953e-05,-4.398707826210909e-05,0.01755650995560915,-6.585761661681343e-08,-9.799106446548706,False
1679449599.6091907,-0.100155847,573.8199449599999,3.7153596811738157e-10,-4.7513103602991755e-06,0.7853981602734323,0.002914641912169112,1.4084291021554016e-08,-2.510923200580513e-07,0.646783695364459,-1.406986268138217,3.043128720945425e-08,0.6467836953250381,-1.4069862681874037,0.0,0.0002506622194860451,0.00025066346532249455,-3.051227261134945e-08,4.115436866854899e-05,-8.016983743654128e-05,-4.399431452756021e-05,0.017552635428796804,-5.664464011671954e-08,-9.799106395275222,False
1679449599.6591907,-0.067680722,597.04396546048,4.4042773586178296e-10,-5.166943716036272e-06,0.7853981596926214,0.0031051676540497964,1.6385248915394853e-08,-2.662229547064204e-07,0.646783695367912,-1.4069862681339085,3.293307449143815e-08,0.6467836953250381,-1.4069862681874037,0.0,0.00027261895475112584,0.000272620432172802,-3.302696600587175e-08,4.115531453328739e-05,-8.271247631631437e-05,-4.4002503239568814e-05,0.01900194279671162,-4.728723919942282e-08,-9.799106470957165,False
1679449599.7091906,-0.071796186,597.04396546048,4.4042773586178296e-10,-5.166943716036272e-06,0.7853981596926214,0.0031051676540497964,1.6385248915394853e-08,-2.662229547064204e-07,0.646783695367912,-1.4069862681339085,3.293307449143815e-08,0.6467836953250381,-1.4069862681874037,0.0,0.00027261895475112584,0.000272620432172802,-3.302696600587175e-08,4.115531453328739e-05,-8.271247631631437e-05,-4.4002503239568814e-05,0.01900194279671162,-4.728723919942282e-08,-9.799106470957165,False
1679449599.7591906,-0.073752909,597.04396546048,5.202551470566628e-10,-5.607985096645769e-06,0.7853981590192437,0.003295692771164219,1.8996877516671306e-08,-2.8106522879422115e-07,0.646783695371577,-1.4069862681293355,3.555890481980018e-08,0.6467836953250381,-1.4069862681874037,0.0,0.00029592288759118876,0.00029592463349660986,-3.5667331703154e-08,4.115638860824567e-05,-8.525330867854192e-05,-4.401179398547585e-05,0.018997558511918856,-3.3787911849140126e-08,-9.799106410125319,False
1679449599.8091905,-0.111404436,597.04396546048,5.202551470566628e-10,-5.607985096645769e-06,0.7853981590192437,0.003295692771164219,1.8996877516671306e-08,-2.8106522879422115e-07,0.646783695371577,-1.4069862681293355,3.555890481980018e-08,0.6467836953250381,-1.4069862681874037,0.0,0.00029592288759118876,0.00029592463349660986,-3.5667331703154e-08,4.115638860824567e-05,-8.525330867854192e-05,-4.401179398547585e-05,0.018997558511918856,-3.3787911849140126e-08,-9.799106410125319,False
1679449599.8591905,-0.099215484,620.2679859609599,6.123905171058787e-10,-6.076444203332019e-06,0.7853981582415926,0.003501328144036698,2.1938849972634768e-08,-2.9697141894254846e-07,0.6467836953754706,-1.4069862681244771,3.8315862757989846e-08,0.6467836953250381,-1.4069862681874037,0.0,0.00032068086131795213,0.00032068291726877486,-3.844069193191744e-08,4.11575986929088e-05,-8.799511352871754e-05,-4.402225777980587e-05,0.020503993610673236,-1.9778625383128445e-08,-9.799106480897361,False
1679449599.9091904,-0.095998013,620.2679859609599,7.184062784316745e-10,-6.572299522914795e-06,0.7853981573462516,0.003706962755863273,2.5259432452577857e-08,-3.1252650249726e-07,0.6467836953795929,-1.4069862681193335,4.1197495087197e-08,0.6467836953250381,-1.4069862681874037,0.0,0.0003468928678776515,0.00034689528078050394,-4.134070543318071e-08,4.115896480200227e-05,-9.073476705651477e-05,-4.403406436862041e-05,0.020499058570729093,-1.0879925051216894e-09,-9.799106409043665,False
1679449599.9591904,-0.139078010,620.2679859609599,7.184062784316745e-10,-6.572299522914795e-06,0.7853981573462516,0.003706962755863273,2.5259432452577857e-08,-3.1252650249726e-07,0.6467836953795929,-1.4069862681193335,4.1197495087197e-08,0.6467836953250381,-1.4069862681874037,0.0,0.0003468928678776515,0.00034689528078050394,-4.134070543318071e-08,4.115896480200227e-05,-9.073476705651477e-05,-4.403406436862041e-05,0.020499058570729093,-1.0879925051216894e-09,-9.799106409043665,False
1679449600.0091903,-0.142302702,643.4920064614398,8.399478600403222e-10,-7.09763449022075e-06,0.7853981563191458,0.0039282840564369105,2.897721717864596e-08,-3.291297926034846e-07,0.6467836953839613,-1.4069862681138827,4.420997776884439e-08,0.6467836953250381,-1.4069862681874037,0.0,0.00037466982610789964,0.0003746726484743206,-4.4373824764638215e-08,4.116049413564282e-05,-9.368276652396189e-05,-4.4047280956479456e-05,0.022062579636238124,1.7919128599719646e-08,-9.799106473059833,False
1679449600.0591903,-0.207572622,643.4920064614398,9.789094151735823e-10,-7.652423627768751e-06,0.785398155144074,0.004149604437245559,3.3152227074521066e-08,-3.453086335502282e-07,0.6467836953885758,-1.4069862681081249,4.7345518793509416e-08,0.6467836953250381,-1.4069862681874037,0.0,0.00040401172627871845,0.00040401501707305003,-4.753238734403186e-08,4.1162211568395056e-05,-9.662821823782646e-05,-4.406211888351097e-05,0.02205705122610391,4.274529529917129e-08,-9.799106388511289,False
1679449600.1091902,-0.187731064,643.4920064614398,9.789094151735823e-10,-7.652423627768751e-06,0.785398155144074,0.004149604437245559,3.3152227074521066e-08,-3.453086335502282e-07,0.6467836953885758,-1.4069862681081249,4.7345518793509416e-08,0.6467836953250381,-1.4069862681874037,0.0,0.00040401172627871845,0.00040401501707305003,-4.753238734403186e-08,4.1162211568395056e-05,-9.662821823782646e-05,-4.406211888351097e-05,0.02205705122610391,4.274529529917129e-08,-9.799106388511289,False
1679449600.1591902,-0.202574547,643.4920064614398,1.1372902240258263e-09,-8.236639995237259e-06,0.7853981538038962,0.004370923844980705,3.781097719629114e-08,-3.6103839298314474e-07,0.6467836953934365,-1.40698626810206,5.05958854612154e-08,0.6467836953250381,-1.4069862681874037,0.0,0.00043491855809681167,0.00043492238310894016,-5.080828966432564e-08,4.116412761026719e-05,-9.957097591344364e-05,-4.4078672005085666e-05,0.022051229124666474,7.001864486001893e-08,-9.799106300202231,False
1679449600.2091901,-0.193900360,666.7160269619199,1.3171939100359835e-09,-8.852438918005208e-06,0.7853981522805332,0.004608506298033415,4.2980010655682317e-08,-3.777695754566318e-07,0.6467836953985613,-1.4069862680956655,5.3965616010007064e-08,0.6467836953250381,-1.4069862681874037,0.0,0.0004675053150605673,0.00046750974727659034,-5.420639934535245e-08,4.116625259105399e-05,-0.00010272926867253943,-4.409703570878651e-05,0.02367149938191236,9.828800447182566e-08,-9.799106352305252,False
1679449600.25919,-0.115253433,666.7160269619199,1.3171939100359835e-09,-8.852438918005208e-06,0.7853981522805332,0.004608506298033415,4.2980010655682317e-08,-3.777695754566318e-07,0.6467836953985613,-1.4069862680956655,5.3965616010007064e-08,0.6467836953250381,-1.4069862681874037,0.0,0.0004675053150605673,0.00046750974727659034,-5.420639934535245e-08,4.116625259105399e-05,-0.00010272926867253943,-4.409703570878651e-05,0.02367149938191236,9.828800447182566e-08,-9.799106352305252,False
1679449600.30919,-0.181119000,666.7160269619199,1.5209996775261832e-09,-9.49978885896428e-06,0.7853981505535333,0.004846087590331074,4.872630674275075e-08,-3.9396522371670905e-07,0.6467836954039503,-1.4069862680889413,5.744490015726026e-08,0.6467836953250381,-1.4069862681874037,0.0,0.0005017719848912805,0.0005017771054394624,-5.771705463788187e-08,4.1168614069295226e-05,-0.00010588440771329565,-4.411744587610104e-05,0.023665039860222635,1.3300247090935938e-07,-9.79910624922061,False
1679449600.35919,-0.195615207,666.7160269619199,1.7512061048971824e-09,-1.0178656627230826e-05,0.7853981486013637,0.005083667660466142,5.50804246515198e-08,-4.095969583115015e-07,0.6467836954096036,-1.4069862680818874,6.102342066397903e-08,0.6467836953250381,-1.4069862681874037,0.0,0.0005377185546615987,0.0005377244532412256,-6.133008652594581e-08,4.117122397801515e-05,-0.00010903622765739708,-4.414001062885726e-05,0.023658265351339074,1.7049354473089007e-07,-9.799106141808597,False
1679449600.40919,-0.216540167,666.7160269619199,1.7512061048971824e-09,-1.0178656627230826e-05,0.7853981486013637,0.005083667660466142,5.50804246515198e-08,-4.095969583115015e-07,0.6467836954096036,-1.4069862680818874,6.102342066397903e-08,0.6467836953250381,-1.4069862681874037,0.0,0.0005377185546615987,0.0005377244532412256,-6.133008652594581e-08,4.117122397801515e-05,-0.00010903622765739708,-4.414001062885726e-05,0.023658265351339074,1.7049354473089007e-07,-9.799106141808597,False
1679449600.45919,-0.208718919,666.7160269619199,2.010430016674976e-09,-1.0889007378818914e-05,0.7853981464014103,0.005321246447032792,6.207292537537796e-08,-4.246363922497458e-07,0.6467836954155209,-1.406986268074504,6.469035366672572e-08,0.6467836953250381,-1.4069862681874037,0.0,0.0005753450107956968,0.0005753517861056019,-6.503481904301344e-08,4.117409413688211e-05,-0.00011218456319379331,-4.416483807212128e-05,0.023651176196865707,2.107336546640292e-07,-9.799106030071092,False
1679449600.5091898,0.000000000,689.9400474623998,2.301377628264599e-09,-1.1633065645828756e-05,0.7853981439302083,0.005575664536068948,6.972787757049954e-08,-4.4057916106492557e-07,0.6467836954217212,-1.4069862680667675,6.84475245598147e-08,0.6467836953250381,-1.4069862681874037,0.0,0.0006147704204775752,0.000614778180548426,-6.883347612926093e-08,4.1177233374650045e-05,-0.00011555535457306618,-4.419201477153849e-05,0.025327815343083315,2.515608070460495e-07,-9.79910606251698,True
1679449600.5591898,0.000000000,689.9400474623998,2.627111954833831e-09,-1.2410791179304244e-05,0.7853981411612069,0.005830081117142618,7.813243715366066e-08,-4.558259192507072e-07,0.6467836954282045,-1.406986268058678,7.228222455690405e-08,0.6467836953250381,-1.4069862681874037,0.0,0.00065599476776305,0.0006560036311883684,-7.271351815611448e-08,4.1180677368069935e-05,-0.00011892212104578587,-4.422184796179852e-05,0.025320043537072064,3.0073340861316386e-07,-9.799105933327288,True
1679449600.6091897,0.000000000,689.9400474623998,2.627111954833831e-09,-1.2410791179304244e-05,0.7853981411612069,0.005830081117142618,7.813243715366066e-08,-4.558259192507072e-07,0.6467836954282045,-1.406986268058678,7.228222455690405e-08,0.6467836953250381,-1.4069862681874037,0.0,0.00065599476776305,0.0006560036311883684,-7.271351815611448e-08,4.1180677368069935e-05,-0.00011892212104578587,-4.422184796179852e-05,0.025320043537072064,3.0073340861316386e-07,-9.799105933327288,True
1679449600.6591897,0.000000000,689.9400474623998,2.990829370383805e-09,-1.3222141867254687e-05,0.7853981380666165,0.006084496119859451,8.732162678552695e-08,-4.7034409926882555e-07,0.6467836954349706,-1.4069862680502354,7.618116483771754e-08,0.6467836953250381,-1.4069862681874037,0.0,0.0006990180359651213,0.0006990281323913672,-7.666182503841723e-08,4.118443944555699e-05,-0.00012228467630748675,-4.425446146387979e-05,0.025311935195246618,3.5300403382854043e-07,-9.799105799183264,True
1679449600.7091897,0.000000000,710.9010067030015,3.3958582679037976e-09,-1.4069181008983281e-05,0.7853981346174089,0.006354604123662551,9.733049785150965e-08,-4.855246199078503e-07,0.6467836954420371,-1.406986268041418,8.01423702764774e-08,0.6467836953250381,-1.4069862681874037,0.0,0.0007439511855902336,0.000743962656201178,-8.067685646185174e-08,4.118853270284412e-05,-0.00012585356394948232,-4.428998056744342e-05,0.026872935083194903,4.069553332203559e-07,-9.799105798480053,True
1679449600.7591896,0.000000000,710.9010067030015,3.3958582679037976e-09,-1.4069181008983281e-05,0.7853981346174089,0.006354604123662551,9.733049785150965e-08,-4.855246199078503e-07,0.6467836954420371,-1.406986268041418,8.01423702764774e-08,0.6467836953250381,-1.4069862681874037,0.0,0.0007439511855902336,0.000743962656201178,-8.067685646185174e-08,4.118853270284412e-05,-0.00012585356394948232,-4.428998056744342e-05,0.026872935083194903,4.069553332203559e-07,-9.799105798480053,True
1679449600.8091896,0.000000000,731.8619659436031,3.845886578647995e-09,-1.495403088785966e-05,0.7853981307814103,0.0066408746322429695,1.0824791070513031e-07,-5.013279664555418e-07,0.6467836954494219,-1.4069862680322034,8.416257149261655e-08,0.6467836953250381,-1.4069862681874037,0.0,0.0007909084964132957,0.0007909214951779878,-8.475581944967595e-08,4.119299298580405e-05,-0.0001296346824509428,-4.432871995208546e-05,0.02848051482925437,4.678844976373945e-07,-9.799105787718512,True
1679449600.8591895,0.000000000,731.8619659436031,3.845886578647995e-09,-1.495403088785966e-05,0.7853981307814103,0.0066408746322429695,1.0824791070513031e-07,-5.013279664555418e-07,0.6467836954494219,-1.4069862680322034,8.416257149261655e-08,0.6467836953250381,-1.4069862681874037,0.0,0.0007909084964132957,0.0007909214951779878,-8.475581944967595e-08,4.119299298580405e-05,-0.0001296346824509428,-4.432871995208546e-05,0.02848051482925437,4.678844976373945e-07,-9.799105787718512,True
1679449600.9091895,0.000000000,731.8619659436031,4.345054416706062e-09,-1.5876639236398093e-05,0.7853981265225162,0.006927143118438268,1.201848952014868e-07,-5.162051409468133e-07,0.6467836954571251,-1.4069862680225915,8.822482537395477e-08,0.6467836953250381,-1.4069862681874037,0.0,0.0008398899469574554,0.0008399046421980464,-8.888198373240584e-08,4.119786550286497e-05,-0.00013341057418832467,-4.4371071336235156e-05,0.02847127185989493,5.393879945399633e-07,-9.799105619915283,True
1679449600.9591894,0.000000000,752.8229251842048,4.8976156505995944e-09,-1.683918467521925e-05,0.7853981218034921,0.007230043506867903,1.331734726480064e-07,-5.316171595658689e-07,0.6467836954651651,-1.4069862680125593,9.232351658417477e-08,0.6467836953250381,-1.4069862681874037,0.0,0.0008910131351370558,0.0008910297099645936,-9.305026739743623e-08,4.120316151349676e-05,-0.00013740433058131367,-4.441714917243868e-05,0.030125030005144417,6.120496726738992e-07,-9.799105591495621,True
1679449601.0091894,0.000000000,752.8229251842048,4.8976156505995944e-09,-1.683918467521925e-05,0.7853981218034921,0.007230043506867903,1.331734726480064e-07,-5.316171595658689e-07,0.6467836954651651,-1.4069862680125593,9.232351658417477e-08,0.6467836953250381,-1.4069862681874037,0.0,0.0008910131351370558,0.0008910297099645936,-9.305026739743623e-08,4.120316151349676e-05,-0.00013740433058131367,-4.441714917243868e-05,0.030125030005144417,6.120496726738992e-07,-9.799105591495621,True
1679449601.0591893,0.000000000,752.8229251842048,5.508265263435907e-09,-1.7841607465806407e-05,0.7853981165832329,0.007532941564472402,1.4732302963814007e-07,-5.459544297694265e-07,0.646783695473542,-1.4069862680021068,9.64390630083947e-08,0.6467836953250381,-1.4069862681874037,0.0,0.0009442780363041483,0.0009442966901629071,-9.724132574568322e-08,4.120892511592141e-05,-0.0001413921131042753,-4.446733916881916e-05,0.030114974082104236,6.950219869977943e-07,-9.799105399726587,True
1679449601.1091893,0.000000000,773.7838844248064,6.181943906143964e-09,-1.888614204688646e-05,0.7853981108183719,0.007852940887551698,1.6269754498684381e-07,-5.60729561808568e-07,0.6467836954822747,-1.4069862679912104,1.0056324104462962e-07,0.6467836953250381,-1.4069862681874037,0.0,0.0009998055660586905,0.000999826515609177,-1.0144753046631016e-07,4.12151807528644e-05,-0.0001456033421641055,-4.452186897572107e-05,0.03181486513161828,7.821972509763536e-07,-9.79910535184049,True
1679449601.1591892,0.000000000,773.7838844248064,6.181943906143964e-09,-1.888614204688646e-05,0.7853981108183719,0.007852940887551698,1.6269754498684381e-07,-5.60729561808568e-07,0.6467836954822747,-1.4069862679912104,1.0056324104462962e-07,0.6467836953250381,-1.4069862681874037,0.0,0.0009998055660586905,0.000999826515609177,-1.0144753046631016e-07,4.12151807528644e-05,-0.0001456033421641055,-4.452186897572107e-05,0.03181486513161828,7.821972509763536e-07,-9.79910535184049,True
1679449601.2091892,0.000000000,773.7838844248064,6.9240283808664576e-09,-1.997272065619045e-05,0.7853981044616752,0.00817293753505834,1.7940634898852708e-07,-5.742716762896886e-07,0.6467836954913632,-1.40698626797987,1.0467359981078534e-07,0.6467836953250381,-1.4069862681874037,0.0,0.0010575956961018133,0.0010576191767640328,-1.0564669462490942e-07,4.122197202186842e-05,-0.00014980779497539775,-4.4581123880453976e-05,0.03180395008253151,8.795618056902395e-07,-9.799105134208167,True
1679449601.2591891,0.000000000,773.7838844248064,6.9240283808664576e-09,-1.997272065619045e-05,0.7853981044616752,0.00817293753505834,1.7940634898852708e-07,-5.742716762896886e-07,0.6467836954913632,-1.40698626797987,1.0467359981078534e-07,0.6467836953250381,-1.4069862681874037,0.0,0.0010575956961018133,0.0010576191767640328,-1.0564669462490942e-07,4.122197202186842e-05,-0.00014980779497539775,-4.4581123880453976e-05,0.03180395008253151,8.795618056902395e-07,-9.799105134208167,True
1679449601.309189,0.000000000,794.7448436654081,7.740100257176556e-09,-2.1103632260558617e-05,0.7853980974639484,0.00851050477358133,1.9750499103624024e-07,-5.881231988676275e-07,0.646783695500827,-1.406986267968061,1.0875880615206432e-07,0.6467836953250381,-1.4069862681874037,0.0,0.001117772659515595,0.0011177989262269258,-1.0982814725399121e-07,4.122931926902713e-05,-0.0001542411472051071,-4.4645301518358706e-05,0.033549927269091555,9.80119959354093e-07,-9.799105062729618,True
1679449601.359189,0.000000000,794.7448436654081,8.636287705508043e-09,-2.227880019802969e-05,0.7853980897711681,0.008848068952167724,2.1712998331266138e-07,-6.005645883409767e-07,0.6467836955106663,-1.4069862679557836,1.127932084121574e-07,0.6467836953250381,-1.4069862681874037,0.0,0.0011803364239405029,0.0011803657530832735,-1.1396652918557e-07,4.1237277129891137e-05,-0.00015866683321331078,-4.471488328987033e-05,0.0335381056878627,1.093453233860951e-06,-9.799104816349988,True
1679449601.409189,0.000000000,814.3643015146113,9.618888274456098e-09,-2.3500410150153063e-05,0.7853980813275993,0.009202504182985944,2.3832990796922743e-07,-6.130621242903395e-07,0.6467836955208996,-1.4069862679430145,1.167612034035556e-07,0.6467836953250381,-1.4069862681874037,0.0,0.0012454062746819223,0.0012454389647367,-1.1804694288639593e-07,4.124586241149092e-05,-0.0001633110899971642,-4.4790041858799396e-05,0.03521324023368198,1.2092026521381745e-06,-9.799104708128922,True
1679449601.459189,0.000000000,814.3643015146113,9.618888274456098e-09,-2.3500410150153063e-05,0.7853980813275993,0.009202504182985944,2.3832990796922743e-07,-6.130621242903395e-07,0.6467836955208996,-1.4069862679430145,1.167612034035556e-07,0.6467836953250381,-1.4069862681874037,0.0,0.0012454062746819223,0.0012454389647367,-1.1804694288639593e-07,4.124586241149092e-05,-0.0001633110899971642,-4.4790041858799396e-05,0.03521324023368198,1.2092026521381745e-06,-9.799104708128922,True
1679449601.509189,0.000000000,833.9837593638142,1.0694832271505749e-08,-2.4770696752948606e-05,0.785398072071913,0.009574221660849858,2.612629301473294e-07,-6.255252044002765e-07,0.6467836955315464,-1.4069862679297296,1.2064485400387595e-07,0.6467836953250381,-1.4069862681874037,0.0,0.0013131044035252135,0.001313140777283615,-1.220522135447634e-07,4.1255138249119825e-05,-0.00016817881306606928,-4.4871336744652824e-05,0.03692901727366808,1.3382069781512945e-06,-9.799104581775598,True
1679449601.5591888,0.000000000,833.9837593638142,1.1871676674163923e-08,-2.608956671885645e-05,0.785398061937209,0.009945935347569206,2.8608663130928106e-07,-6.362406788053697e-07,0.6467836955426064,-1.4069862679159288,1.24412409317777e-07,0.6467836953250381,-1.4069862681874037,0.0,0.0013834307703951133,0.0013834711771839967,-1.2595094281632992e-07,4.126516727263057e-05,-0.0001730372073469685,-4.495932363665695e-05,0.036915714421050544,1.4818538559993123e-06,-9.799104280553689,True
1679449601.6091888,0.000000000,833.9837593638142,1.3157249875218192e-08,-2.745692309799428e-05,0.7853980508539448,0.01031764509310252,3.128759580696172e-07,-6.451390762671556e-07,0.6467836955540798,-1.4069862679016123,1.280308921584697e-07,0.6467836953250381,-1.4069862681874037,0.0,0.0014563853336366536,0.0014564301503554554,-1.2971050463958782e-07,4.127597658555203e-05,-0.00017788590660513273,-4.505426673281204e-05,0.0369019214406974,1.631792907689584e-06,-9.799103968843468,True
1679449601.6591887,0.000000000,833.9837593638142,1.3157249875218192e-08,-2.745692309799428e-05,0.7853980508539448,0.01031764509310252,3.128759580696172e-07,-6.451390762671556e-07,0.6467836955540798,-1.4069862679016123,1.280308921584697e-07,0.6467836953250381,-1.4069862681874037,0.0,0.0014563853336366536,0.0014564301503554554,-1.2971050463958782e-07,4.127597658555203e-05,-0.00017788590660513273,-4.505426673281204e-05,0.0369019214406974,1.631792907689584e-06,-9.799103968843468,True
1679449601.7091887,0.000000000,853.6032172130173,1.455957881932495e-08,-2.8875041145759123e-05,0.7853980387505122,0.010707047956377025,3.416896365203554e-07,-6.537475232167284e-07,0.6467836955659861,-1.4069862678867553,1.3147670283569264e-07,0.6467836953250381,-1.4069862681874037,0.0,0.0015320931883097961,0.0015321428202085042,-1.3330815390125546e-07,4.128758589314052e-05,-0.00018296213414318538,-4.515637418434219e-05,0.03865733693448699,1.78473673108047e-06,-9.799103799811105,True
1679449601.7591887,0.000000000,853.6032172130173,1.6087454210387323e-08,-3.034381238409345e-05,0.7853980255484994,0.01109644637328414,3.727201437557734e-07,-6.603051342338794e-07,0.6467836955783255,-1.406986267871358,1.347126692467362e-07,0.6467836953250381,-1.4069862681874037,0.0,0.0016105542874392375,0.0016106091708363785,-1.3670710173101742e-07,4.130007151845485e-05,-0.00018802751383561556,-4.5266324871423555e-05,0.03864249966128586,1.955531626991401e-06,-9.79910345082328,True
1679449601.8091886,0.000000000,853.6032172130173,1.6087454210387323e-08,-3.034381238409345e-05,0.7853980255484994,0.01109644637328414,3.727201437557734e-07,-6.603051342338794e-07,0.6467836955783255,-1.406986267871358,1.347126692467362e-07,0.6467836953250381,-1.4069862681874037,0.0,0.0016105542874392375,0.0016106091708363785,-1.3670710173101742e-07,4.130007151845485e-05,-0.00018802751383561556,-4.5266324871423555e-05,0.03864249966128586,1.955531626991401e-06,-9.79910345082328,True
1679449601.8591886,0.000000000,873.2226750622203,1.7749957990531287e-08,-3.186555575588769e-05,0.7853980111665916,0.01150394887487109,4.0604991645460134e-07,-6.663781174816839e-07,0.6467836955911179,-1.4069862678553953,1.3771065310386564e-07,0.6467836953250381,-1.4069862681874037,0.0,0.001691896630150391,0.0016919572335339708,-1.398801461746261e-07,4.131346242187808e-05,-0.00019332479061614846,-4.538441068927388e-05,0.040437996413614924,2.13145454179457e-06,-9.799103247565073,True
1679449601.9091885,0.000000000,873.2226750622203,1.7749957990531287e-08,-3.186555575588769e-05,0.7853980111665916,0.01150394887487109,4.0604991645460134e-07,-6.663781174816839e-07,0.6467836955911179,-1.4069862678553953,1.3771065310386564e-07,0.6467836953250381,-1.4069862681874037,0.0,0.001691896630150391,0.0016919572335339708,-1.398801461746261e-07,4.131346242187808e-05,-0.00019332479061614846,-4.538441068927388e-05,0.040437996413614924,2.13145454179457e-06,-9.799103247565073,True
1679449601.9591885,0.000000000,873.2226750622203,1.9556936304223676e-08,-3.344015021783922e-05,0.7853979955165951,0.011911446375344453,4.418736775158281e-07,-6.701441122143886e-07,0.6467836956043636,-1.4069862678388672,1.4042888857555546e-07,0.6467836953250381,-1.4069862681874037,0.0,0.0017761201636196347,0.0017761869903970698,-1.4278593862950952e-07,4.132783495942969e-05,-0.0001986099630205166,-4.55113180079725e-05,0.0404220666929408,2.325232889048084e-06,-9.799102857858689,True
1679449602.0091884,0.000000000,873.2226750622203,2.1518549611171532e-08,-3.50674704018852e-05,0.7853979785071464,0.012318938694449846,4.802815053401384e-07,-6.715194885428929e-07,0.6467836956180623,-1.4069862678217735,1.4282414317388864e-07,0.6467836953250381,-1.4069862681874037,0.0,0.0018632248331295418,0.001863298422865801,-1.453816618133557e-07,4.1343220501093134e-05,-0.00020388259856947362,-4.564736378450491e-05,0.04040560228161543,2.5262879751995914e-06,-9.799102455595046,True
1679449602.0591884,0.000000000,873.2226750622203,2.1518549611171532e-08,-3.50674704018852e-05,0.7853979785071464,0.012318938694449846,4.802815053401384e-07,-6.715194885428929e-07,0.6467836956180623,-1.4069862678217735,1.4282414317388864e-07,0.6467836953250381,-1.4069862681874037,0.0,0.0018632248331295418,0.001863298422865801,-1.453816618133557e-07,4.1343220501093134e-05,-0.00020388259856947362,-4.564736378450491e-05,0.04040560228161543,2.5262879751995914e-06,-9.799102455595046,True
1679449602.1091883,0.000000000,892.8421329114234,2.364531727337067e-08,-3.6749873470917296e-05,0.7853979600433026,0.012744945834270372,5.213750919506624e-07,-6.721063840361e-07,0.6467836956322346,-1.4069862678040888,1.4486145541945323e-07,0.6467836953250381,-1.4069862681874037,0.0,0.0019533415394777974,0.0019534224692467554,-1.4763339543013875e-07,4.135965475409997e-05,-0.00020939095326152264,-4.579290762489408e-05,0.0422405983158406,2.734000509712576e-06,-9.799102201563514,True
1679449602.1591883,0.000000000,892.8421329114234,2.364531727337067e-08,-3.6749873470917296e-05,0.7853979600433026,0.012744945834270372,5.213750919506624e-07,-6.721063840361e-07,0.6467836956322346,-1.4069862678040888,1.4486145541945323e-07,0.6467836953250381,-1.4069862681874037,0.0,0.0019533415394777974,0.0019534224692467554,-1.4763339543013875e-07,4.135965475409997e-05,-0.00020939095326152264,-4.579290762489408e-05,0.0422405983158406,2.734000509712576e-06,-9.799102201563514,True
1679449602.2091882,0.000000000,892.8421329114234,2.5948559649318958e-08,-3.848722021860895e-05,0.7853979400228139,0.013170947176735634,5.653614340428871e-07,-6.700184405683954e-07,0.6467836956468807,-1.4069862677858127,1.464925082299362e-07,0.6467836953250381,-1.4069862681874037,0.0,0.002046470221452788,0.0020465591087622213,-1.4949327327633453e-07,4.137721773379009e-05,-0.00021488538726483354,-4.594867864950472e-05,0.04222299414372236,2.960424924865313e-06,-9.799101754339143,True
1679449602.2591882,0.000000000,892.8421329114234,2.5948559649318958e-08,-3.848722021860895e-05,0.7853979400228139,0.013170947176735634,5.653614340428871e-07,-6.700184405683954e-07,0.6467836956468807,-1.4069862677858127,1.464925082299362e-07,0.6467836953250381,-1.4069862681874037,0.0,0.002046470221452788,0.0020465591087622213,-1.4949327327633453e-07,4.137721773379009e-05,-0.00021488538726483354,-4.594867864950472e-05,0.04222299414372236,2.960424924865313e-06,-9.799101754339143,True
1679449602.3091881,0.000000000,910.8705701104279,2.8439931404107127e-08,-4.0281700459872094e-05,0.7853979183399683,0.013614323617008242,6.12339049752422e-07,-6.667406132644407e-07,0.6467836956620198,-1.4069862677669214,1.476758331254647e-07,0.6467836953250381,-1.4069862681874037,0.0,0.00214273371868517,0.0021428312227691655,-1.509209045346892e-07,4.139594268268193e-05,-0.00022059880542719327,-4.611502460039798e-05,0.04394291963084638,3.193016147462401e-06,-9.799101443351278,True
1679449602.359188,0.000000000,910.8705701104279,3.113196022900876e-08,-4.213316039982995e-05,0.7853978948810558,0.014057693609841526,6.625346004751816e-07,-6.604874211591308e-07,0.6467836956776518,-1.4069862677474148,1.4835775652953474e-07,0.6467836953250381,-1.4069862681874037,0.0,0.0022421319631196206,0.0022422387881392064,-1.51863100522546e-07,4.141591680089068e-05,-0.00022629684403811253,-4.6292743829661104e-05,0.04392413224270508,3.4460000986286317e-06,-9.799100948911544,True
1679449602.409188,0.000000000,928.8990073094322,3.403773085338158e-08,-4.404382238730008e-05,0.7853978695269551,0.014518785488946837,7.16101749702846e-07,-6.52792172914815e-07,0.6467836956937966,-1.4069862677272684,1.4849104991712907e-07,0.6467836953250381,-1.4069862681874037,0.0,0.0023447902439252153,0.0023449071410195864,-1.5227379884660812e-07,4.143719557937614e-05,-0.000232217120245056,-4.6482379026402244e-05,0.045677598098612104,3.71032275727823e-06,-9.799100594623383,True
1679449602.459188,0.000000000,928.8990073094322,3.403773085338158e-08,-4.404382238730008e-05,0.7853978695269551,0.014518785488946837,7.16101749702846e-07,-6.52792172914815e-07,0.6467836956937966,-1.4069862677272684,1.4849104991712907e-07,0.6467836953250381,-1.4069862681874037,0.0,0.0023447902439252153,0.0023449071410195864,-1.5227379884660812e-07,4.143719557937614e-05,-0.000232217120245056,-4.6482379026402244e-05,0.045677598098612104,3.71032275727823e-06,-9.799100594623383,True
1679449602.509188,0.000000000,928.8990073094322,3.717108330387637e-08,-4.601351692756198e-05,0.7853978421514212,0.014979870215366448,7.732427011214975e-07,-6.417968996222505e-07,0.646783695710454,-1.4069862677064822,1.480162535042925e-07,0.6467836953250381,-1.4069862681874037,0.0,0.0024507084856058726,0.002450836255748015,-1.520940601440404e-07,4.145985443052065e-05,-0.00023812044690766382,-4.6684641073152024e-05,0.0456575815918754,3.992271926658199e-06,-9.799100049272008,True
1679449602.559188,0.000000000,928.8990073094322,3.717108330387637e-08,-4.601351692756198e-05,0.7853978421514212,0.014979870215366448,7.732427011214975e-07,-6.417968996222505e-07,0.646783695710454,-1.4069862677064822,1.480162535042925e-07,0.6467836953250381,-1.4069862681874037,0.0,0.0024507084856058726,0.002450836255748015,-1.520940601440404e-07,4.145985443052065e-05,-0.00023812044690766382,-4.6684641073152024e-05,0.0456575815918754,3.992271926658199e-06,-9.799100049272008,True
1679449602.6091878,0.000000000,946.9274445084366,4.05462384228543e-08,-4.8044496124028425e-05,0.7853978126241551,0.015459023559290096,8.340730178539193e-07,-6.290337888490661e-07,0.6467836957276443,-1.406986267685031,1.468793810754396e-07,0.6467836953250381,-1.4069862681874037,0.0,0.0025600144269186213,0.0025601539224028675,-1.5127115729605834e-07,4.148393120971504e-05,-0.0002442489866714728,-4.689993694050602e-05,0.04744454156918947,4.2813784657756504e-06,-9.799099642994141,True
1679449602.6591878,0.000000000,946.9274445084366,4.417843380884389e-08,-5.013657350333144e-05,0.7853977808054452,0.01593816898668058,8.988596949132068e-07,-6.126172729147507e-07,0.6467836957453672,-1.406986267662915,1.450147015940408e-07,0.6467836953250381,-1.4069862681874037,0.0,0.0026727079843347585,0.0026728601125508566,-1.4973991667558064e-07,4.150952744519144e-05,-0.0002503588790169125,-4.712920638681322e-05,0.04742324943442269,4.59423700822688e-06,-9.799099042515282,True
1679449602.7091877,0.000000000,946.9274445084366,4.8083312257307475e-08,-5.2289556786817905e-05,0.7853977465512042,0.016417306248486804,9.677275957957605e-07,-5.924314264360258e-07,0.6467836957636229,-1.406986267640134,1.423544787152301e-07,0.6467836953250381,-1.4069862681874037,0.0,0.0027887890717193642,0.0027889547968421454,-1.4743315569387687e-07,4.1536683522464936e-05,-0.00025644954341056585,-4.7372886963568726e-05,0.04740133557026033,4.916453862222875e-06,-9.79909842483254,True
1679449602.7591877,0.000000000,946.9274445084366,4.8083312257307475e-08,-5.2289556786817905e-05,0.7853977465512042,0.016417306248486804,9.677275957957605e-07,-5.924314264360258e-07,0.6467836957636229,-1.406986267640134,1.423544787152301e-07,0.6467836953250381,-1.4069862681874037,0.0,0.0027887890717193642,0.0027889547968421454,-1.4743315569387687e-07,4.1536683522464936e-05,-0.00025644954341056585,-4.7372886963568726e-05,0.04740133557026033,4.916453862222875e-06,-9.79909842483254,True
1679449602.8091877,0.000000000,964.955881707441,5.227691410793172e-08,-5.450572155724547e-05,0.7853977097129713,0.016914858550898748,1.0408016113481444e-06,-5.700312200768549e-07,0.6467836957824319,-1.4069862676166625,1.3883522466444248e-07,0.6467836953250381,-1.4069862681874037,0.0,0.0029083878738895832,0.00290856821845558,-1.4428876282304904e-07,4.15654389385462e-05,-0.0002627677688797025,-4.76314176371152e-05,0.04922112320269869,5.246159425968285e-06,-9.799097947289258,True
1679449602.8591876,0.000000000,964.955881707441,5.6776717474014426e-08,-5.678485844233042e-05,0.7853976701291798,0.017412401853174587,1.1184532825044838e-06,-5.435154493459849e-07,0.6467836958017941,-1.4069862675925005,1.3438277077569727e-07,0.6467836953250381,-1.4069862681874037,0.0,0.0030315042953913593,0.0030317003455566237,-1.4023316145792175e-07,4.159593726940454e-05,-0.00026906505702351864,-4.790610743368239e-05,0.049197889689478115,5.609480298255869e-06,-9.799097273622099,True
1679449602.9091876,0.000000000,964.955881707441,5.6776717474014426e-08,-5.678485844233042e-05,0.7853976701291798,0.017412401853174587,1.1184532825044838e-06,-5.435154493459849e-07,0.6467836958017941,-1.4069862675925005,1.3438277077569727e-07,0.6467836953250381,-1.4069862681874037,0.0,0.0030315042953913593,0.0030317003455566237,-1.4023316145792175e-07,4.159593726940454e-05,-0.00026906505702351864,-4.790610743368239e-05,0.049197889689478115,5.609480298255869e-06,-9.799097273622099,True
1679449602.9591875,0.000000000,964.955881707441,6.160031032630959e-08,-5.9126750568390544e-05,0.7853976276361446,0.017909935885984066,1.200744176259007e-06,-5.127206789418208e-07,0.6467836958217094,-1.406986267567648,1.289204137043967e-07,0.6467836953250381,-1.4069862681874037,0.0,0.0031581382384781426,0.0031583511447934825,-1.3519023582282788e-07,4.1628189346437416e-05,-0.00027534065769668846,-4.819716819624256e-05,0.04917401429680895,5.975218839541896e-06,-9.799096577648816,True
1679449603.0091875,0.000000000,964.955881707441,6.676569444667563e-08,-6.153117485534215e-05,0.7853975820654658,0.018407460380861086,1.2878091812263445e-06,-4.775216775765566e-07,0.6467836958421779,-1.4069862675421052,1.2236930298507945e-07,0.6467836953250381,-1.4069862681874037,0.0,0.003288289602601075,0.0032885205818191177,-1.2908171861792647e-07,4.1662236373717056e-05,-0.00028159395025348073,-4.850507137293244e-05,0.04914949929699467,6.350497715386723e-06,-9.799095863229672,True
1679449603.0591874,0.000000000,964.955881707441,6.676569444667563e-08,-6.153117485534215e-05,0.7853975820654658,0.018407460380861086,1.2878091812263445e-06,-4.775216775765566e-07,0.6467836958421779,-1.4069862675421052,1.2236930298507945e-07,0.6467836953250381,-1.4069862681874037,0.0,0.003288289602601075,0.0032885205818191177,-1.2908171861792647e-07,4.1662236373717056e-05,-0.00028159395025348073,-4.850507137293244e-05,0.04914949929699467,6.350497715386723e-06,-9.799095863229672,True
1679449603.1091874,0.000000000,964.955881707441,6.676569444667563e-08,-6.153117485534215e-05,0.7853975820654658,0.018407460380861086,1.2878091812263445e-06,-4.775216775765566e-07,0.6467836958421779,-1.4069862675421052,1.2236930298507945e-07,0.6467836953250381,-1.4069862681874037,0.0,0.003288289602601075,0.0032885205818191177,-1.2908171861792647e-07,4.1662236373717056e-05,-0.00028159395025348073,-4.850507137293244e-05,0.04914949929699467,6.350497715386723e-06,-9.799095863229672,True
1679449603.1591873,0.000000000,982.9843189064454,7.229127655405384e-08,-6.400042233600766e-05,0.7853975332440314,0.018923745978951897,1.3797832193152749e-06,-4.394956062898922e-07,0.6467836958632204,-1.4069862675158458,1.1465298070146006e-07,0.6467836953250381,-1.4069862681874037,0.0,0.0034220910148640704,0.003422341351586613,-1.2183267053114156e-07,4.169811854081593e-05,-0.0002880763489245489,-4.8830289808929e-05,0.05100141320176977,6.733364460062195e-06,-9.79909528969876,True
1679449603.2091873,0.000000000,982.9843189064454,7.229127655405384e-08,-6.400042233600766e-05,0.7853975332440314,0.018923745978951897,1.3797832193152749e-06,-4.394956062898922e-07,0.6467836958632204,-1.4069862675158458,1.1465298070146006e-07,0.6467836953250381,-1.4069862681874037,0.0,0.0034220910148640704,0.003422341351586613,-1.2183267053114156e-07,4.169811854081593e-05,-0.0002880763489245489,-4.8830289808929e-05,0.05100141320176977,6.733364460062195e-06,-9.79909528969876,True
1679449603.2591872,0.000000000,982.9843189064454,7.819667422891297e-08,-6.653424970900309e-05,0.7853974809872182,0.019440021117641402,1.4769934404629147e-06,-3.96637896591965e-07,0.646783695884837,-1.40698626748887,1.056850863192892e-07,0.6467836953250381,-1.4069862681874037,0.0,0.003559542365056524,0.003559813416377093,-1.1335735281219461e-07,4.1735956687104576e-05,-0.00029453441733745897,-4.917397305221144e-05,0.05097553801832201,7.144529993673048e-06,-9.799094509391722,True
1679449603.3091872,0.000000000,982.9843189064454,8.45019360555175e-08,-6.913240704486307e-05,0.7853974251053176,0.019956285507920366,1.5795856190830398e-06,-3.488136873970765e-07,0.6467836959070276,-1.4069862674611777,9.537696133276298e-08,0.6467836953250381,-1.4069862681874037,0.0,0.003700643539954555,0.003700936737396681,-1.0356772362057631e-07,4.177579369570048e-05,-0.0003009674926779282,-4.953662960655791e-05,0.05094900355621225,7.565621581079136e-06,-9.799093709325843,True
1679449603.3591871,0.000000000,982.9843189064454,8.45019360555175e-08,-6.913240704486307e-05,0.7853974251053176,0.019956285507920366,1.5795856190830398e-06,-3.488136873970765e-07,0.6467836959070276,-1.4069862674611777,9.537696133276298e-08,0.6467836953250381,-1.4069862681874037,0.0,0.003700643539954555,0.003700936737396681,-1.0356772362057631e-07,4.177579369570048e-05,-0.0003009674926779282,-4.953662960655791e-05,0.05094900355621225,7.565621581079136e-06,-9.799093709325843,True
1679449603.409187,0.000000000,999.5450247991265,9.122752982281066e-08,-7.179699402412526e-05,0.7853973654035543,0.020490087768293898,1.6877051364105117e-06,-2.974794336350958e-07,0.6467836959298117,-1.4069862674327447,8.364048704389394e-08,0.6467836953250381,-1.4069862681874037,0.0,0.00384551851293434,0.0038458353641941854,-9.237722565513175e-08,4.181767114882367e-05,-0.0003076105386939791,-4.991876768449929e-05,0.05267667999239535,7.994712461251384e-06,-9.799093037734702,True
1679449603.459187,0.000000000,999.5450247991265,9.839556496314303e-08,-7.452774123003673e-05,0.7853973016718117,0.021023878314053366,1.801787690983169e-06,-2.4077931486323e-07,0.6467836959531892,-1.4069862674035707,7.037965680104958e-08,0.6467836953250381,-1.4069862681874037,0.0,0.003994167159978302,0.003994509255102779,-7.969050451001974e-08,4.186175288827387e-05,-0.00031422664289589795,-5.032191992396941e-05,0.052648749644778996,8.462188375461353e-06,-9.799092173921611,True
1679449603.509187,0.000000000,999.5450247991265,9.839556496314303e-08,-7.452774123003673e-05,0.7853973016718117,0.021023878314053366,1.801787690983169e-06,-2.4077931486323e-07,0.6467836959531892,-1.4069862674035707,7.037965680104958e-08,0.6467836953250381,-1.4069862681874037,0.0,0.003994167159978302,0.003994509255102779,-7.969050451001974e-08,4.186175288827387e-05,-0.00031422664289589795,-5.032191992396941e-05,0.052648749644778996,8.462188375461353e-06,-9.799092173921611,True
1679449603.559187,0.000000000,1016.1057306918075,1.0602820440024836e-07,-7.732676621095083e-05,0.7853972336977694,0.021575498926105666,1.9218982944532123e-06,-1.8013958768831407e-07,0.64678369597718,-1.406986267373631,5.54974150379833e-08,0.6467836953250381,-1.4069862681874037,0.0,0.004146715517235653,0.004147084529173861,-6.541216649698549e-08,4.1908043909861796e-05,-0.00032105450458758795,-5.0746308243923474e-05,0.05440432832531523,8.92903564860974e-06,-9.79909143452259,True
1679449603.609187,0.000000000,1016.1057306918075,1.1414892656575171e-07,-8.019377541499091e-05,0.7853971612562906,0.022127106787924466,2.048401880986986e-06,-1.1360621216669217e-07,0.6467836960017841,-1.406986267342926,3.888891251344441e-08,0.6467836953250381,-1.4069862681874037,0.0,0.004303163450495427,0.00430356114028517,-4.94380503252779e-08,4.1956675420085586e-05,-0.00032785301093903605,-5.1193212805515915e-05,0.05437495916641184,9.426627671946127e-06,-9.799090492710372,True
1679449603.6591868,0.000000000,1016.1057306918075,1.1414892656575171e-07,-8.019377541499091e-05,0.7853971612562906,0.022127106787924466,2.048401880986986e-06,-1.1360621216669217e-07,0.6467836960017841,-1.406986267342926,3.888891251344441e-08,0.6467836953250381,-1.4069862681874037,0.0,0.004303163450495427,0.00430356114028517,-4.94380503252779e-08,4.1956675420085586e-05,-0.00032785301093903605,-5.1193212805515915e-05,0.05437495916641184,9.426627671946127e-06,-9.799090492710372,True
1679449603.7091868,0.000000000,1016.1057306918075,1.2278167071859924e-07,-8.312846780866299e-05,0.7853970841164591,0.022678701569699224,2.181464712337737e-06,-4.102456194455478e-08,0.6467836960270015,-1.4069862673114555,2.044669834095633e-08,0.6467836953250381,-1.4069862681874037,0.0,0.004463510822123876,0.00446393904107151,-3.1661386468938594e-08,4.2007693199765e-05,-0.00033462141378139907,-5.16632114841043e-05,0.05434489378936958,9.934812285146931e-06,-9.799089528486746,True
1679449603.7591867,0.000000000,1032.6664365844883,1.31950824894932e-07,-8.613296985399255e-05,0.7853970020415841,0.023248418215844002,2.3212531012001896e-06,3.611529852026643e-08,0.6467836960528522,-1.4069862672791942,6.098926555770269e-11,0.6467836953250381,-1.4069862681874037,0.0,0.004627885726961286,0.004628346418536565,-1.19741768045875e-08,4.206114169669638e-05,-0.000341602465505402,-5.2156883351354405e-05,0.056127638779704864,1.0451561220617337e-05,-9.799088693782844,True
1679449603.8091867,0.000000000,1032.6664365844883,1.31950824894932e-07,-8.613296985399255e-05,0.7853970020415841,0.023248418215844002,2.3212531012001896e-06,3.611529852026643e-08,0.6467836960528522,-1.4069862672791942,6.098926555770269e-11,0.6467836953250381,-1.4069862681874037,0.0,0.004627885726961286,0.004628346418536565,-1.19741768045875e-08,4.206114169669638e-05,-0.000341602465505402,-5.2156883351354405e-05,0.056127638779704864,1.0451561220617337e-05,-9.799088693782844,True
1679449603.8591866,0.000000000,1032.6664365844883,1.416817268798004e-07,-8.920695443315419e-05,0.7853969147848963,0.02381812066467238,2.4680554369380647e-06,1.1987846281911577e-07,0.6467836960793364,-1.4069862672461422,-2.238521887463433e-08,0.6467836953250381,-1.4069862681874037,0.0,0.004796288016462559,0.004796783220422276,9.739865742299421e-09,4.211711550257886e-05,-0.0003485508052725282,-5.26752346822707e-05,0.05609609673196218,1.0990494745473727e-05,-9.799087645250081,True
1679449603.9091866,0.000000000,1032.6664365844883,1.5200038074061568e-07,-9.225243020130515e-05,0.785396822089814,0.024387689990888226,2.622095286796177e-06,-0.00037565457793371586,0.6467836961064538,-1.4069862672122997,3.711662303837181e-06,0.6467836953250381,-1.4069862681874037,0.0,0.004968716936388169,0.0049692487924881505,-3.725050379464104e-06,4.217568514749154e-05,-0.0003457000103602873,-5.3219244055584925e-05,0.056053086917440854,1.157613864186588e-05,-9.836673312050468,True
1679449603.9591866,0.000000000,1032.6664365844883,1.5200038074061568e-07,-9.225243020130515e-05,0.785396822089814,0.024387689990888226,2.622095286796177e-06,-0.00037565457793371586,0.6467836961064538,-1.4069862672122997,3.711662303837181e-06,0.6467836953250381,-1.4069862681874037,0.0,0.004968716936388169,0.0049692487924881505,-3.725050379464104e-06,4.217568514749154e-05,-0.0003457000103602873,-5.3219244055584925e-05,0.056053086917440854,1.157613864186588e-05,-9.836673312050468,True
1679449604.0091865,0.000000000,1032.6664365844883,1.629340542650814e-07,-9.53672713511934e-05,0.7853967236937772,0.02495736245983366,2.783659886950454e-06,-0.0003755207657920139,0.6467836961342045,-1.4069862671776665,7.443068784601998e-06,0.6467836953250381,-1.4069862681874037,0.0,0.005145172935839585,0.005145743686226713,-7.457234243822971e-06,4.223697327169038e-05,-0.00035263663454653937,-5.37895106579884e-05,0.056032881104369096,1.2151896355952947e-05,-9.799082088812737,True
1679449604.0591865,0.000000000,1032.6664365844883,1.629340542650814e-07,-9.53672713511934e-05,0.7853967236937772,0.02495736245983366,2.783659886950454e-06,-0.0003755207657920139,0.6467836961342045,-1.4069862671776665,7.443068784601998e-06,0.6467836953250381,-1.4069862681874037,0.0,0.005145172935839585,0.005145743686226713,-7.457234243822971e-06,4.223697327169038e-05,-0.00035263663454653937,-5.37895106579884e-05,0.056032881104369096,1.2151896355952947e-05,-9.799082088812737,True
1679449604.1091864,0.000000000,1049.2271424771693,1.7450990188564582e-07,-9.855361790332642e-05,0.7853966193280066,0.025545448124434763,2.952871551017727e-06,-0.00037538072836196864,0.646783696162609,-1.406986267142217,1.1171700081543062e-05,0.6467836953250381,-1.4069862681874037,0.0,0.005325786163829569,0.005326398154873188,-1.1186679508767313e-05,4.230096717847986e-05,-0.00035978726347824826,-5.438665928239287e-05,0.057842979971945624,1.2730446355135099e-05,-9.799081048986647,True
1679449604.1591864,0.000000000,1049.2271424771693,1.8675659083015685e-07,-0.00010181111773590092,0.7853965087085251,0.0261335176654482,3.130164140723677e-06,-0.00037523236818964953,0.6467836961916673,-1.4069862671059514,1.4897416911753404e-05,0.6467836953250381,-1.4069862681874037,0.0,0.005510556451298707,0.005511212139810399,-1.491324763987548e-05,4.23678176320871e-05,-0.00036690268002433047,-5.501220815956896e-05,0.05780944965919035,1.3344366058246103e-05,-9.799079791760501,True
1679449604.2091863,0.000000000,1065.7878483698503,1.9970314387848007e-07,-0.00010514192358062816,0.7853963915457024,0.026740292348904255,3.3157019615669802e-06,-0.00037507719407836067,0.6467836962214002,-1.4069862670688436,1.8620073567488393e-05,0.6467836953250381,-1.4069862681874037,0.0,0.005699616007712856,0.005700317962575942,-1.8636794964548175e-05,4.243755963951425e-05,-0.00037423337246617695,-5.566672416265609e-05,0.05964732769308673,1.3964485433925616e-05,-9.799078663343511,True
1679449604.2591863,0.000000000,1065.7878483698503,1.9970314387848007e-07,-0.00010514192358062816,0.7853963915457024,0.026740292348904255,3.3157019615669802e-06,-0.00037507719407836067,0.6467836962214002,-1.4069862670688436,1.8620073567488393e-05,0.6467836953250381,-1.4069862681874037,0.0,0.005699616007712856,0.005700317962575942,-1.8636794964548175e-05,4.243755963951425e-05,-0.00037423337246617695,-5.566672416265609e-05,0.05964732769308673,1.3964485433925616e-05,-9.799078663343511,True
1679449604.3091862,0.000000000,1065.7878483698503,2.1338028065516175e-07,-0.00010854565594287654,0.7853962675329301,0.02734704961712001,3.509969790871736e-06,-0.00037491306757315225,0.6467836962518075,-1.4069862670308935,2.233952017931418e-05,0.6467836953250381,-1.4069862681874037,0.0,0.005892964650584449,0.005893715559718193,-2.23571723985901e-05,4.251036229308157e-05,-0.0003815261152231663,-5.635190358037093e-05,0.059612235325017984,1.4624292509111612e-05,-9.799077313043073,True
1679449604.3591862,0.000000000,1065.7878483698503,2.2781920178745474e-07,-0.00011202192642415835,0.7853961363566495,0.027953789071404066,3.713169177862239e-06,-0.0003747398008450853,0.6467836962828895,-1.4069862669921014,2.6055603782831902e-05,0.6467836953250381,-1.4069862681874037,0.0,0.00609060219332393,0.006091404866244469,-2.6074227753392617e-05,4.2586273195540655e-05,-0.0003887800179012736,-5.70684413865728e-05,0.05957639225956208,1.52950835625481e-05,-9.799075936009423,True
1679449604.4091861,0.000000000,1065.7878483698503,2.2781920178745474e-07,-0.00011202192642415835,0.7853961363566495,0.027953789071404066,3.713169177862239e-06,-0.0003747398008450853,0.6467836962828895,-1.4069862669921014,2.6055603782831902e-05,0.6467836953250381,-1.4069862681874037,0.0,0.00609060219332393,0.006091404866244469,-2.6074227753392617e-05,4.2586273195540655e-05,-0.0003887800179012736,-5.70684413865728e-05,0.05957639225956208,1.52950835625481e-05,-9.799075936009423,True
1679449604.459186,0.000000000,1081.0002140902159,2.4305157022377104e-07,-0.00011557268144875976,0.7853959976963792,0.028577966024211813,3.9255011323535924e-06,-0.0003745587887436701,0.6467836963146653,-1.4069862669524429,2.9768163314148338e-05,0.6467836953250381,-1.4069862681874037,0.0,0.006292651876018046,0.006293509245877989,-2.9787802020378442e-05,4.2665337951535096e-05,-0.00039622856550881793,-5.781703130021133e-05,0.061285350626129394,1.597464130105328e-05,-9.799074676268834,True
1679449604.509186,0.000000000,1081.0002140902159,2.5911064337419533e-07,-0.00011919750430624687,0.7853958512151115,0.02920212382525351,4.147438696153477e-06,-0.00037436798630034274,0.6467836963471348,-1.406986266911918,3.34770349370883e-05,0.6467836953250381,-1.4069862681874037,0.0,0.0064991134981957745,0.006500028628589649,-3.349773217082939e-05,4.2747715328870894e-05,-0.0004036354418258617,-5.859932453032816e-05,0.06124791814403536,1.6691485623367697e-05,-9.799073203747552,True
1679449604.559186,0.000000000,1081.0002140902159,2.7603015771561314e-07,-0.00012289596892146445,0.7853956965684984,0.02982626205274551,4.379195370916912e-06,-0.0003741671942281428,0.6467836963802983,-1.4069862668705269,3.718205156537516e-05,0.6467836953250381,-1.4069862681874037,0.0,0.006709986855061308,0.006710962942704885,-3.7203851915272284e-05,4.2833452652317655e-05,-0.00041099971037162405,-5.94160549920102e-05,0.06120972183848226,1.741924700860263e-05,-9.799071703112896,True
1679449604.609186,0.000000000,1081.0002140902159,2.7603015771561314e-07,-0.00012289596892146445,0.7853956965684984,0.02982626205274551,4.379195370916912e-06,-0.0003741671942281428,0.6467836963802983,-1.4069862668705269,3.718205156537516e-05,0.6467836953250381,-1.4069862681874037,0.0,0.006709986855061308,0.006710962942704885,-3.7203851915272284e-05,4.2833452652317655e-05,-0.00041099971037162405,-5.94160549920102e-05,0.06120972183848226,1.741924700860263e-05,-9.799071703112896,True
1679449604.659186,0.000000000,1081.0002140902159,2.938443112889225e-07,-0.0001266676398680389,0.78539553340486,0.030450380284969186,4.620984744433609e-06,-0.0003739562130049008,0.6467836964141556,-1.4069862668282693,4.088304287391078e-05,0.6467836953250381,-1.4069862681874037,0.0,0.006925271737501341,0.006926312114897132,-4.0905991714528466e-05,4.292259547281513e-05,-0.0004183204360156753,-6.026795589047143e-05,0.06117076598220039,1.8157512235496782e-05,-9.799070174442752,True
1679449604.7091858,0.000000000,1096.212579810581,3.1258693773380505e-07,-0.00013051444599152578,0.7853953613719075,0.031092181195202198,4.87283101298578e-06,-0.00037373634947824246,0.6467836964487262,-1.406986266785121,4.457982653371163e-05,0.6467836953250381,-1.4069862681874037,0.0,0.007145093113546626,0.007146201248297188,-4.4603971433011634e-05,4.3015106695192456e-05,-0.0004258340487206039,-6.115508955161416e-05,0.06290134126268815,1.888508233116169e-05,-9.799068752831696,True
1679449604.7591858,0.000000000,1096.212579810581,3.1258693773380505e-07,-0.00013051444599152578,0.7853953613719075,0.031092181195202198,4.87283101298578e-06,-0.00037373634947824246,0.6467836964487262,-1.406986266785121,4.457982653371163e-05,0.6467836953250381,-1.4069862681874037,0.0,0.007145093113546626,0.007146201248297188,-4.4603971433011634e-05,4.3015106695192456e-05,-0.0004258340487206039,-6.115508955161416e-05,0.06290134126268815,1.888508233116169e-05,-9.799068752831696,True
1679449604.8091857,0.000000000,1096.212579810581,3.322943315955059e-07,-0.0001344359214012409,0.7853951800930463,0.03173396067034429,5.135428123841706e-06,-0.0003735055928479901,0.6467836964840104,-1.4069862667410817,4.8272220569078946e-05,0.6467836953250381,-1.4069862681874037,0.0,0.007369450759244716,0.00737063026405574,-4.829760991078468e-05,4.3111231506583795e-05,-0.00043330107207585107,-6.207988507061108e-05,0.0628607735168807,1.9670261774023793e-05,-9.799067121740515,True
1679449604.8591857,0.000000000,1111.4249455309464,3.530032415605159e-07,-0.0001384340005266039,0.7853949891839654,0.032393668747712906,5.409001591742651e-06,-0.00037326535933073266,0.6467836965200278,-1.4069862666961268,5.1960030256104294e-05,0.6467836953250381,-1.4069862681874037,0.0,0.00759847137556239,0.007599726010261059,-5.198671472546236e-05,4.3211014507793624e-05,-0.0004409615409001595,-6.304311557128256e-05,0.06461445892102587,2.0463829322610314e-05,-9.799065607524613,True
1679449604.9091856,0.000000000,1111.4249455309464,3.530032415605159e-07,-0.0001384340005266039,0.7853949891839654,0.032393668747712906,5.409001591742651e-06,-0.00037326535933073266,0.6467836965200278,-1.4069862666961268,5.1960030256104294e-05,0.6467836953250381,-1.4069862681874037,0.0,0.00759847137556239,0.007599726010261059,-5.198671472546236e-05,4.3211014507793624e-05,-0.0004409615409001595,-6.304311557128256e-05,0.06461445892102587,2.0463829322610314e-05,-9.799065607524613,True
1679449604.9591856,0.000000000,1111.4249455309464,3.747521841114547e-07,-0.00014250818549296673,0.7853947882414775,0.03305335386836214,5.694093280161387e-06,-0.00037301349318174463,0.6467836965567785,-1.4069862666502562,5.5643061394022925e-05,0.6467836953250381,-1.4069862681874037,0.0,0.007832154722831788,0.007833488402259477,-5.56710925215151e-05,4.331463155514489e-05,-0.0004485722219611663,-6.404666721153212e-05,0.06457224263550738,2.1298790738394547e-05,-9.799063869019921,True
1679449605.0091856,0.000000000,1111.4249455309464,3.9758014335519155e-07,-0.00014665796808819147,0.7853945768542382,0.03371301556136345,5.990942057183277e-06,-0.0003727497703984158,0.6467836965942624,-1.4069862666034698,5.9321116210675126e-05,0.6467836953250381,-1.4069862681874037,0.0,0.008070500556593342,0.008071917353522353,-5.935054635860887e-05,4.342212863042458e-05,-0.0004561320815012419,-6.50913556099986e-05,0.0645292384414634,2.214435728543301e-05,-9.799062099526376,True
1679449605.0591855,0.000000000,1111.4249455309464,3.9758014335519155e-07,-0.00014665796808819147,0.7853945768542382,0.03371301556136345,5.990942057183277e-06,-0.0003727497703984158,0.6467836965942624,-1.4069862666034698,5.9321116210675126e-05,0.6467836953250381,-1.4069862681874037,0.0,0.008070500556593342,0.008071917353522353,-5.935054635860887e-05,4.342212863042458e-05,-0.0004561320815012419,-6.50913556099986e-05,0.0645292384414634,2.214435728543301e-05,-9.799062099526376,True
1679449605.1091855,0.000000000,1126.6373112513118,4.2152782337792496e-07,-0.00015088527839875982,0.7853943545921763,0.03439085122839911,6.300085284388665e-06,-0.000372475773164757,0.6467836966324998,-1.4069862665557424,6.299398314194337e-05,0.6467836953250381,-1.4069862681874037,0.0,0.00831363730434777,0.008315141455677405,-6.302486710171217e-05,4.353367665352617e-05,-0.0004638849522297331,-6.617905492936634e-05,0.06630521477839352,2.3027829810866198e-05,-9.799060462180151,True
1679449605.1591854,0.000000000,1126.6373112513118,4.4663656091732837e-07,-0.00015518957449620795,0.7853941210152452,0.03506866184812897,6.621815409006117e-06,-0.00037218913828118065,0.6467836966714906,-1.4069862665070743,6.666145154347553e-05,0.6467836953250381,-1.4069862681874037,0.0,0.008561564704863916,0.008563160616059998,-6.669384496638438e-05,4.364933796020864e-05,-0.00047158362978763564,-6.731076121857548e-05,0.06626053456097168,2.3926154745630678e-05,-9.799058579623695,True
